C1orf112,HPA023778;HPA024451;
CFH,CAB016385;CAB016769;HPA038922;HPA049176;HPA053326;
STPG1,HPA024301;
NIPAL3,HPA039978;
LAS1L,HPA044431;HPA061463;
ANKIB1,HPA019358;HPA021780;
CYP51A1,HPA041325;HPA043508;
KRIT1,HPA049606;
BAD,CAB004205;HPA028185;HPA062105;
CD99,CAB000020;HPA035304;
LASP1,HPA012072;CAB022049;
SNX11,HPA044787;HPA054660;
TMEM176A,HPA008770;
CYP26B1,HPA012567;
DBNDD1,HPA043018;
ALS2,HPA046588;
CFLAR,HPA019044;CAB022157;CAB025216;
RBM5,HPA017335;HPA018011;
SARM1,HPA024359;HPA024759;
KDM1A,CAB005884;HPA053660;
CAMKK1,CAB009111;HPA028062;
RECQL,CAB009743;HPA030960;HPA064259;
VPS50,HPA026679;
ARHGAP33,HPA030117;HPA030118;
ZMYND10,HPA035255;
SLC25A13,HPA018997;
ST7,HPA038325;HPA038326;
CDC27,CAB016315;HPA028129;HPA052399;HPA065835;
DVL2,CAB009312;HPA021611;HPA022914;HPA064732;
PRSS22,HPA049161;
UPF1,HPA019587;HPA020857;
SKAP2,HPA005560;HPA024045;
REXO5,HPA040755;HPA040868;HPA066145;
CIAPIN1,HPA041350;HPA042182;
MSL3,HPA034535;HPA034536;
CREBBP,CAB004212;HPA055861;
CROT,HPA019052;HPA019364;HPA019365;
ABCB4,HPA049395;HPA053288;
RHBDD2,HPA045074;HPA051960;
SOX8,HPA041640;HPA058665;
IBTK,HPA023826;HPA048438;
ZNF195,HPA030605;
FBXL3,HPA053283;HPA065626;
ITGA3,HPA008572;CAB018594;
ZFX,HPA001748;HPA003877;HPA071863;
REX1BD,HPA043414;
OSBPL7,HPA036076;HPA053083;HPA073967;
TMEM98,HPA040473;HPA053385;
ABCC8,CAB011451;HPA042318;
AP2B1,CAB017631;HPA056733;HPA067983;
ZNF263,HPA035085;HPA035086;
CX3CL1,CAB026192;HPA040361;
TNFRSF12A,HPA007853;
MAP3K9,HPA000942;
PHTF2,HPA012312;
FARP2,HPA031226;HPA055592;
IFRD1,HPA024122;HPA072413;
COX10,HPA032005;HPA032006;
ELAC2,HPA019535;
SCIN,HPA020518;HPA024264;
CDKL3,HPA027751;
UPP2,HPA035225;HPA035226;
PRSS21,HPA008477;
MARK4,HPA039186;
CCDC124,HPA041708;HPA046765;
PAFAH1B1,CAB004489;HPA020036;
SCN4A,HPA053992;
PAX6,HPA030775;CAB034143;
RPUSD1,HPA041144;HPA041938;
LUC7L,HPA056424;HPA069321;
PIGQ,HPA039105;HPA039828;HPA061414;
PSMB1,HPA029635;HPA029637;CAB033911;
DLEC1,HPA019077;
CYTH3,HPA013979;
AASS,HPA020637;HPA020728;HPA020734;
SS18L2,HPA047377;
NFIX,HPA007533;
HEATR5B,HPA042025;HPA055639;
SEC62,HPA014059;HPA061450;
RPS20,HPA003570;
CSDE1,HPA018846;HPA052221;
MASP2,HPA029313;HPA029314;
TRAF3IP3,HPA040796;
POMT2,HPA003663;
BAZ1B,CAB037081;CAB037158;HPA067010;
RANBP9,CAB033767;HPA050007;HPA076784;
ETV7,HPA029033;
SPRTN,HPA025073;
METTL13,HPA044498;HPA053705;
DYRK4,HPA028065;HPA056073;
ZNF207,HPA017013;HPA063908;
STARD3NL,HPA019204;
CD9,CAB002490;
NCAPD2,CAB012423;HPA036947;HPA037363;
PHF7,HPA036283;HPA070305;
FUZ,HPA041779;HPA042196;
ZNF200,HPA018981;HPA059310;
CD4,CAB000011;HPA004252;HPA004472;CAB068180;
LRRC23,HPA037766;HPA057533;
ELOA,HPA005910;
CLCN6,HPA032097;
NME1-NME2,CAB002169;HPA008467;HPA041113;CAB076057;
APBA3,HPA045577;
AKAP8L,HPA042485;HPA042546;
MBTD1,HPA021876;
RNF216,HPA018955;HPA021123;
TTC19,HPA023010;HPA052380;
PTBP1,CAB013507;
PLAUR,HPA050843;CAB073533;
WIZ,HPA022923;HPA023774;
QPCTL,HPA040797;
PPP5C,CAB022641;HPA029065;HPA056933;
CEP68,HPA040493;HPA040620;
ERCC1,CAB004390;HPA029773;HPA050182;CAB072859;CAB072860;
MBTPS2,HPA005494;CAB009486;
NR1H4,HPA047699;
ELOVL5,CAB017042;HPA047752;HPA054197;
CALCOCO1,HPA038313;HPA038314;
UBR7,HPA000861;
PSMC4,HPA002044;HPA005471;
MVP,HPA002321;CAB002752;CAB022717;HPA064740;
NUB1,HPA021220;HPA050722;HPA053648;
ANGEL1,HPA000948;
RNF14,HPA008716;HPA064746;
DDX11,HPA065197;
POLA2,HPA037570;
ZC3H3,HPA023658;HPA050577;
CAPN1,HPA005992;
MDH1,HPA027296;CAB047333;HPA054276;
MTMR11,HPA030351;HPA072906;
COX15,HPA037727;HPA037728;HPA066096;
CCDC88C,HPA005832;
YAF2,HPA026867;
ZMYND11,HPA015816;
DPEP1,HPA009426;HPA012783;
BID,HPA000722;CAB003771;
MATR3,CAB033552;HPA036564;HPA036565;
NUDCD3,HPA019136;HPA019528;HPA019529;
IL20RA,CAB024990;HPA042281;
GLT8D1,HPA010588;
SLC38A5,HPA047411;
RALBP1,CAB046010;HPA046651;
RUFY3,HPA022952;HPA022970;
CXorf56,HPA038245;HPA038617;HPA064831;
TTC27,HPA031246;
ZNF582,HPA028858;
CYP24A1,HPA022261;HPA063771;
SYT13,HPA046224;HPA056602;
CD74,CAB002506;HPA010592;
ZFP64,HPA035112;HPA058387;
SAMD4A,HPA043061;HPA065309;
MRE11,HPA002691;CAB004081;
SPAST,HPA017311;
CPS1,CAB003781;HPA021400;
FHL1,HPA001040;HPA001391;CAB020817;
SLC45A4,HPA023154;
RNF10,HPA052643;
ZNF839,HPA020434;
RNH1,HPA039223;HPA040781;
NDUFS1,HPA064605;CAB070844;
RB1CC1,HPA024391;HPA053049;
ALAS1,CAB017498;HPA035860;
BIRC3,HPA002317;
GLRX2,HPA023087;HPA057224;
DERA,HPA055897;
GCLM,CAB009568;HPA023696;CAB040554;
UBR2,HPA027869;HPA027880;
HSF2,CAB016067;HPA031455;
PHF20,HPA029619;HPA029620;HPA029621;
KPNA6,HPA018863;
FAS,HPA027444;
CD44,CAB000112;CAB000316;HPA005785;
KCNG1,HPA039530;HPA040024;
BTN3A1,HPA012565;
MIPEP,HPA030676;HPA031669;HPA031670;
PRKCH,HPA026294;HPA053709;
VRK2,CAB046459;HPA047503;
VEZT,HPA004811;HPA017066;
BRD9,HPA021465;HPA023197;
SNX1,HPA047373;HPA052761;
RABEP1,CAB004549;HPA019669;HPA024235;HPA024691;
HMGB3,HPA062583;
FAM13B,HPA036525;HPA041819;HPA071936;
CENPQ,HPA029043;HPA046634;HPA054965;
SARS,HPA016939;HPA064668;
RANBP3,HPA043375;HPA043389;
EIPR1,HPA031231;HPA031232;HPA031233;HPA031234;
ZCCHC8,HPA037483;HPA037484;
ABCF2,HPA020091;CAB020682;HPA021815;HPA030388;
FUT8,CAB017129;HPA043410;
PIAS1,HPA005743;CAB012304;
SLC4A7,CAB022494;HPA035857;
MAP2K3,CAB018548;
ASTE1,HPA037010;HPA037011;
SH3YL1,HPA030926;HPA030927;
FAM136A,HPA030103;HPA030104;
DEPDC1B,HPA038255;HPA072558;
NSMAF,HPA023067;HPA023148;HPA023151;
STAP1,HPA038529;
RFC1,CAB009520;HPA046116;HPA069306;
TBC1D23,HPA038151;HPA038152;
MYOM2,HPA001765;HPA005953;
AC118549.1,HPA053663;HPA054913;HPA066197;
RPL26L1,HPA030449;
FLT4,CAB000099;HPA046519;HPA067906;HPA074389;
NSUN2,HPA037896;
FBXO42,HPA025071;
MFAP3,HPA015883;HPA049198;
METTL1,HPA020914;HPA050450;
HOXC8,HPA028911;CAB037020;
PI4K2B,HPA004099;
BOD1L1,HPA036943;HPA037362;HPA041290;
TRIO,HPA008157;HPA064664;
VCAN,HPA004726;CAB008979;
CLEC16A,HPA035814;HPA035815;HPA061385;
MTREX,HPA037379;
ZFYVE16,HPA035935;HPA035936;
RIPOR1,HPA005923;
RAI14,HPA036949;HPA036950;
PNKP,HPA006782;
SPDL1,HPA044700;HPA048146;
STAU2,HPA019155;CAB020836;
PQLC2,HPA057810;
CTNS,HPA046947;
RTN4R,CAB012443;
PHF23,HPA052410;
THAP3,HPA067114;
SPATA7,HPA038082;HPA038083;
RETSAT,HPA007961;HPA046513;
CAPG,HPA018843;HPA019080;HPA019092;
DCUN1D1,HPA035911;
JADE2,HPA025959;HPA055789;
PHKA2,HPA002912;
HSPA5,CAB005221;HPA038845;HPA038846;
GEMIN8,HPA028613;
POLR2B,HPA037506;
FAM214A,HPA039369;HPA040180;
TPR,HPA019661;HPA019663;HPA024336;
DTNBP1,HPA028053;HPA029615;HPA029616;
XK,HPA019036;
ANO2,HPA036276;HPA057499;
C12orf4,HPA037871;
SCML1,HPA035270;HPA035271;HPA061397;
WWC3,HPA039814;
MAP4,HPA038149;HPA038150;
GOPC,HPA019477;HPA024018;
HDAC9,HPA028926;
TSPAN17,HPA030447;
NOP16,HPA036506;HPA058147;
RRM2B,CAB006854;HPA028812;
ZNF800,HPA023090;HPA052194;
MRPS10,HPA029133;HPA029134;
RSF1,CAB022626;HPA046129;HPA057547;HPA064567;
FAM120A,HPA019734;HPA055800;
R3HDM1,HPA030936;
H6PD,HPA004824;HPA005440;
PER3,HPA019530;
LTBP1,HPA005707;CAB025428;
RCN1,HPA038474;HPA062104;
RFC2,HPA029493;
CLPTM1L,HPA014791;
FOXP3,CAB026301;HPA045943;
NFE2L3,HPA055889;
LIMA1,HPA023871;HPA052645;
BCAR1,CAB000443;HPA042282;
HERPUD1,CAB037041;CAB037104;HPA040754;HPA041219;
HOMER3,CAB032656;HPA040999;CAB079015;
POLQ,HPA053359;
MPHOSPH9,HPA037485;
PLEKHA5,HPA035923;HPA035924;HPA041455;
SIKE1,HPA024177;HPA025726;
FNIP2,HPA042779;HPA052758;HPA072420;
TTC17,HPA038508;
FSTL4,HPA045920;
MRTO4,HPA026446;
MCF2L2,HPA038946;HPA038947;
ANAPC4,CAB032519;HPA038395;HPA038396;
THRAP3,HPA012041;CAB017472;HPA063765;
LY75,CAB001450;HPA049108;HPA054073;
FOXC1,HPA040670;
TBC1D22A,HPA001173;
SYNE2,HPA003435;HPA050204;
PLEKHH1,HPA047707;HPA051964;
FAM168A,HPA037580;
RELT,HPA062824;HPA071518;
NOP58,HPA018472;HPA021062;
SZRD1,HPA024221;
CUL1,CAB002676;HPA064584;
EIF2AK2,CAB003845;HPA019795;HPA063893;
MCOLN3,HPA018106;HPA062137;
PUM2,HPA030316;HPA049670;
ITIH1,HPA041639;HPA042049;
HPF1,HPA043467;
ZFR,HPA016666;
ZNF280C,HPA051494;HPA055788;
NPFFR2,HPA026825;
TRAF1,HPA001852;CAB009593;
TRAF3IP2,HPA036352;
GYG2,HPA005495;HPA064686;
DCBLD2,HPA016909;
SERPINB3,CAB018772;CAB036006;CAB036007;HPA048341;HPA049988;HPA055992;
PKP2,HPA014314;CAB037336;HPA056908;
PRDM1,HPA030033;HPA075427;
ATG5,CAB034432;CAB037309;HPA042973;
MTA3,HPA039433;
ATP11B,HPA036237;HPA036238;
LAMC2,CAB004257;HPA024638;CAB078165;
CDK14,HPA015267;
SEC61A1,CAB022076;
RASGRF1,CAB010413;HPA041965;
CAMK2B,CAB006849;HPA026307;HPA051783;HPA051785;HPA053973;
CROCC,HPA021191;HPA021762;
POLR3E,HPA041419;HPA041477;
ATP2B4,CAB016118;HPA040431;
ZC3H11A,HPA026439;HPA028490;HPA028526;
RIOK2,HPA005681;
DGKG,HPA036577;
ALDH18A1,HPA008333;HPA012604;
GATB,HPA042610;
MXD1,HPA001599;
DNAJC25,HPA019122;
YBX3,HPA034838;
CCAR1,HPA007856;HPA048513;
OGFR,HPA017899;
QSER1,HPA005682;
MPC1,HPA045119;HPA055790;
ACAA1,HPA006764;HPA007244;
HDAC7,HPA004775;
LZTS1,HPA006294;HPA022046;
PRDM6,HPA030324;
NCKAP1,HPA020449;
SFSWAP,HPA039362;HPA040063;
TNK2,HPA041954;
ARSF,HPA000549;
ZNF112,HPA023856;
CS,HPA038460;HPA038461;CAB075750;CAB075751;CAB075752;CAB075753;CAB075754;
ELMO2,HPA018811;
VMP1,HPA030773;HPA064780;
EIF4B,HPA039072;HPA046164;
SPHK2,HPA049062;
RPL18,HPA046572;
CA11,HPA041778;
U2AF2,CAB010910;HPA041943;HPA043562;
EPN1,CAB009729;HPA061136;HPA071503;
MED29,HPA055956;
ZNF275,HPA000566;
ADCK1,HPA051012;HPA055014;
CASP8,HPA001302;CAB002047;HPA005688;HPA006191;
INTS13,HPA039543;HPA040109;HPA073020;
TM7SF3,HPA057640;
SPA17,HPA037568;
NGFR,CAB000143;CAB001995;HPA004765;
HIPK2,HPA007611;
TNPO3,HPA039555;HPA041537;
RFXANK,HPA049157;HPA053330;
TMEM161A,HPA043365;
CTSA,CAB024930;HPA031068;HPA072487;
SUGP2,HPA041557;HPA061111;
CNN2,HPA049095;
FAR2,HPA015884;
HMG20B,HPA050220;HPA053157;HPA069832;
TAF11,HPA029326;HPA049127;
ANKS1A,HPA036768;HPA036769;
ZNF76,HPA030090;HPA030091;
SLC9A3R2,HPA001672;HPA066520;
UHRF1BP1,HPA032099;HPA032100;
GNAI3,CAB022099;HPA042141;
IPO5,CAB009110;HPA040983;HPA056548;
OAT,CAB033576;HPA040098;HPA064742;
WDR3,HPA027509;HPA054354;HPA072915;
PKN2,HPA034861;HPA057913;
TRAM2,HPA035092;HPA057925;
ERBB3,CAB025331;HPA045396;
ANKRD44,HPA030122;HPA056549;
ADAT1,HPA040713;HPA040903;
TBC1D22B,HPA027908;HPA027909;HPA027910;
NDUFB4,HPA051739;HPA064441;
SPEN,HPA015825;HPA050257;
ZC3H15,HPA031099;HPA031100;HPA031101;
MAP2K4,CAB007751;HPA060074;
SNAP91,CAB009745;HPA029632;HPA029633;
SLK,HPA015757;
ASB1,HPA003508;
FAM107B,HPA039661;HPA058814;HPA073195;
ME1,HPA006493;
CDK13,HPA059241;
FOXJ2,HPA008723;
YBX1,CAB005875;HPA040304;HPA057159;
ELAVL1,CAB005256;HPA046298;
SMARCD1,HPA004101;
KDM4A,HPA007610;
NFYC,HPA055011;
SLC9A3,HPA036493;HPA036669;
NGEF,HPA008160;
ASPM,CAB017816;
ZNRD1,HPA055074;HPA077979;
FGFR2,CAB010886;HPA035305;
LRRC40,HPA026564;
THUMPD1,HPA027851;
MSANTD3,HPA062662;
KIF26A,HPA046882;HPA060346;
ATG2B,HPA000880;HPA001427;HPA019665;
ARFGEF1,HPA023399;HPA023822;
MTFR1,HPA023152;HPA056120;
STAG3,HPA049106;HPA058330;
MYO9A,HPA039812;HPA040071;
DDX3Y,HPA001648;HPA005631;HPA059583;
PFKP,HPA018257;HPA056484;
NEO1,CAB009320;HPA027804;HPA027805;HPA027806;
EVI5,HPA027339;
STOML1,HPA042353;
PKM,CAB019421;HPA029501;
DHX29,HPA038317;HPA038318;
TP53BP1,CAB004083;HPA008788;HPA022133;
RHOA,CAB005052;
IARS2,HPA024212;HPA024594;HPA024596;
NAV3,HPA032111;HPA061392;
CBFB,HPA038852;
HEATR6,HPA030789;HPA062157;
PLEKHH3,HPA046234;
MEF2A,CAB004499;HPA046597;
TFE3,HPA023881;
ACSL4,HPA000286;HPA005552;
GRIPAP1,HPA000282;HPA000615;
FTSJ1,HPA002718;
ATP11A,HPA035583;HPA035584;
POLR1A,CAB010145;HPA031513;HPA049700;
SRBD1,HPA030567;HPA030568;
PSME4,HPA060922;
PAGE1,HPA003473;
PITX1,HPA008743;
TRPC7,CAB022592;HPA031126;
MAST4,HPA000544;
SDK2,HPA014725;
DNAJA2,HPA049789;HPA060538;
TGFBR3,HPA008257;CAB018971;
NEDD4,CAB001991;HPA039883;CAB072833;
PIGB,HPA039929;
MAPK6,CAB005184;HPA030262;HPA047825;
HDHD5,HPA005548;
UFD1,HPA030286;HPA030287;
ELP1,CAB021340;HPA049677;HPA050686;
NUCB2,HPA008395;CAB015931;CAB079781;
TMEM260,HPA003502;
SMG6,HPA042932;
FSTL3,CAB024899;HPA045378;
RNF126,HPA043050;
MNT,HPA059532;HPA067578;
ZXDC,HPA049593;
POLB,CAB011616;HPA049104;
GBA2,HPA024026;
ASNS,HPA004924;HPA029318;HPA064737;
PABPC1,CAB011536;HPA045423;HPA067156;
TESK2,HPA027257;HPA063869;
CFAP20,HPA018195;
EIF2B3,HPA024213;HPA024218;HPA024219;
CAMK2A,CAB004330;HPA051783;HPA051785;HPA053973;
TCOF1,CAB033199;HPA038237;HPA038238;
CDC42,CAB004360;HPA069590;
OSBPL3,HPA000691;HPA048401;
ATP2B1,CAB005605;HPA011166;HPA012945;
ARHGAP10,HPA039589;
RPS6KA2,CAB026243;HPA045061;HPA054237;CAB069428;
LMCD1,HPA024059;
TCF3,CAB018351;HPA049808;HPA062476;
MBD3,CAB013265;
HLTF,HPA015284;HPA049001;
FAM50A,HPA003585;
SLC6A15,HPA008609;
ACTN1,CAB004303;HPA006035;
RPS6KA6,HPA002852;HPA003904;
EPN2,HPA049809;HPA053360;
TFRC,CAB000153;HPA028598;
UBE2D1,HPA003920;
MPP5,HPA000993;HPA063890;
RHOBTB1,HPA040205;HPA040226;
SMC1A,HPA005499;CAB025404;
HMMR,CAB002433;HPA040025;HPA043926;HPA061524;
P4HA2,HPA016997;HPA027824;CAB062557;
NFATC3,HPA050665;
TRNT1,HPA036938;
EVC,HPA008703;HPA016046;
DERL2,CAB037287;HPA048957;HPA056551;
TMEM38A,HPA048100;HPA050463;
PVR,HPA012568;HPA064739;
XRCC1,CAB005427;HPA006717;
ALPK1,HPA027435;HPA027443;
LLGL2,HPA022913;
PDE8A,HPA007722;
NLE1,HPA018807;
SDHA,CAB034929;HPA041981;HPA064582;
SMARCE1,HPA003916;CAB037318;
ABCB11,HPA019035;
IGF2BP2,CAB017126;HPA035145;
MAP3K13,HPA016497;HPA036691;HPA036692;
PICALM,HPA019053;HPA019061;
MRPS34,HPA042112;
NOTCH3,CAB005393;HPA044392;
CLNS1A,CAB017840;HPA031707;HPA031708;HPA032045;
EED,CAB012211;HPA060089;HPA061140;
TSG101,CAB004283;HPA006161;
NCBP3,HPA008959;HPA013195;
MGLL,HPA011348;HPA011993;HPA011994;
DPP8,HPA008706;
SLC24A1,HPA039370;
ZNF532,HPA015322;
LMAN1,HPA002320;CAB037163;
ZZEF1,HPA031778;HPA031790;
KCNQ2,HPA016642;HPA057112;
ACTR6,HPA038587;HPA038588;
SRI,HPA019004;HPA073666;
EIF4G3,HPA025031;HPA025039;HPA025041;
NUP37,HPA056300;HPA073708;
SEMA3A,HPA029447;HPA052235;
SEMA3C,HPA042418;
TTC38,HPA029302;HPA075893;
CELSR1,HPA052976;HPA060521;
ZNF638,HPA036784;HPA057395;
ADD2,CAB009796;HPA034509;HPA034510;
RASAL2,HPA018805;HPA020453;
ZNF37A,HPA003172;
FNDC3B,HPA007859;
FOSL2,HPA004817;CAB013460;HPA061417;
FRYL,HPA031106;HPA031107;
TMEM131,HPA017678;HPA017682;
FSCN1,CAB000121;HPA005723;CAB035991;HPA050654;
DLG1,CAB016307;HPA069593;
BCAP29,HPA029215;HPA049694;
ARHGAP15,HPA032125;
TUBA3D,CAB004972;HPA039247;HPA043684;HPA063394;
EXOSC7,HPA036182;HPA057980;
REXO2,HPA038450;HPA038451;
RBM7,HPA013993;HPA048003;
BAZ2A,HPA005782;HPA063806;
MLH1,CAB013294;HPA052707;HPA060714;CAB070868;
UNG,CAB011605;
KLHL20,HPA025034;HPA053704;
ANKRD13A,HPA039488;HPA043218;
TPD52,HPA028427;HPA062167;
GPATCH1,HPA043430;HPA043604;
ICAM3,CAB002498;HPA049820;
MCAM,CAB002147;HPA008848;
MBNL3,HPA001584;
RAP1GAP,HPA001922;CAB003851;
ARHGEF1,CAB009502;HPA012924;HPA060784;
RARB,CAB002617;HPA004174;
TOP2B,CAB004601;HPA024120;HPA050441;
TM9SF3,HPA039609;
NFKB2,HPA008422;CAB022098;HPA023900;
UBE2T,HPA002831;
PPP1R12B,HPA024171;HPA024640;
GTF3C1,HPA051617;HPA075900;
SNRPA,CAB004652;HPA046440;HPA054834;
EXOSC5,HPA053150;HPA055677;
LRCH4,HPA037667;HPA037668;
POLD3,HPA058846;
ACTN2,HPA006035;HPA008315;
CAPZB,HPA031531;
NAALAD2,HPA060820;HPA065419;
JADE1,HPA020016;
SMC1B,HPA001500;
AMPH,CAB008559;HPA019828;HPA019829;
MCCC1,HPA008310;
N4BP2,HPA036770;HPA042607;HPA072549;
TULP3,HPA015285;HPA018496;
SYNJ2,HPA031575;
PPP2R5C,HPA027553;
RBFOX1,HPA040809;HPA066746;HPA075862;
GNB1,HPA040736;
HOXA9,HPA061982;HPA076200;
EDN1,HPA031976;CAB032500;CAB037291;
ZCWPW1,HPA020911;
NRDC,HPA053661;
VDAC3,HPA026864;
PCM1,HPA023370;HPA023374;CAB058695;
TNRC6C,HPA022007;HPA062051;
BRINP1,HPA038828;
PKD2L2,HPA041903;HPA043634;
SDF4,HPA011249;HPA011895;CAB015227;
BPIFB2,HPA049491;HPA060121;
TP73,CAB002514;CAB003022;HPA027314;HPA044516;
TOLLIP,HPA038621;HPA038622;
UBE2D4,HPA003920;
THOC1,HPA019096;HPA019687;
OSBPL6,HPA032131;
SLC1A3,CAB002573;HPA037467;HPA037468;
XRCC5,CAB004468;HPA025813;HPA064685;
TNS1,CAB018774;HPA036089;HPA036090;
SAR1A,HPA006923;CAB022545;HPA048368;
RAPGEF3,CAB004386;HPA040365;HPA043518;
SENP1,HPA011765;HPA046491;
CIC,CAB026388;HPA044341;HPA064725;
FDFT1,HPA008874;
PAFAH1B3,HPA035639;
OPHN1,HPA002919;
KIF22,HPA048213;HPA075670;
SCGN,CAB004005;HPA006641;CAB044060;CAB062563;CAB068232;
CARMIL1,HPA029038;HPA029039;
DDX1,CAB012280;HPA034502;HPA034503;
DNM2,HPA054246;
EPB41L2,HPA005730;HPA006642;
RABL2B,HPA042642;HPA042700;HPA044007;
KEAP1,HPA005558;CAB025337;
PTPRH,HPA042300;
EPHA6,HPA007397;HPA058047;
RFX3,HPA035689;
PUM3,HPA002353;
CPOX,HPA015736;HPA054448;
CLDND1,HPA029841;
MOK,HPA027292;
HSP90AA1,CAB002058;
RBL1,HPA054962;HPA056525;
RSBN1,HPA042124;HPA049484;
OSTM1,HPA010851;
PCNP,HPA035011;HPA063861;
EXD2,HPA002906;HPA005848;
ARG2,HPA000663;CAB009435;
MEF2C,HPA005533;CAB068196;CAB068197;
PTPRC,CAB000052;HPA000440;CAB002800;CAB056154;CAB068221;
PKP1,HPA027221;CAB033130;
UBA5,HPA017235;
STK17B,HPA034858;
LRP2,HPA005980;HPA064792;
JMJD4,HPA027260;HPA052861;
AACS,HPA058815;
KIAA0141,HPA036548;HPA061490;
PCDHB4,HPA014466;
HSPB11,HPA030140;
SMARCD3,HPA063955;HPA065517;
WDR70,HPA043064;HPA048149;
BZW1,HPA047288;HPA053272;
ME2,HPA008247;HPA008880;
C5orf22,HPA043062;
CCNT2,HPA005559;
FAM135A,HPA031743;HPA031744;
SERTAD4,HPA027344;HPA028514;
TRAF5,HPA008052;CAB010277;
MRPL22,HPA047063;
GEMIN5,HPA037392;HPA037393;
GSK3B,CAB016263;HPA028017;
ERC1,HPA019513;HPA019523;HPA024130;
XPO1,CAB010184;HPA042933;
PALB2,CAB014895;HPA057000;
LYRM2,HPA063932;
KAT6A,CAB017023;HPA063266;HPA065052;
TNPO1,CAB016325;
PLOD1,HPA049137;HPA055799;
P2RX5,HPA021948;HPA067827;
DIS3,HPA039281;HPA058762;
PIBF1,HPA052269;HPA066120;
NUFIP1,HPA029958;HPA029959;
PDS5B,HPA039513;HPA040015;
RRAGB,HPA003734;
ZNF324,HPA039774;
ZNF446,HPA052786;HPA078262;
YTHDC1,HPA036462;
CHMP2B,HPA035069;HPA052754;
NOA1,HPA035838;HPA035839;
SSH1,HPA019845;
GSTP1,HPA019779;HPA019869;
APLP2,HPA039319;
FAM234B,HPA010803;HPA010850;
COL16A1,HPA027237;
TXLNA,HPA045383;HPA072477;
KIF3C,HPA035755;
HADHA,HPA015536;HPA056070;
CAD,CAB007781;HPA057266;HPA069341;
CD82,CAB002508;HPA028900;HPA061418;
MYNN,HPA045149;
SCAMP1,HPA044753;CAB079009;
PREP,CAB025414;HPA031388;HPA031389;HPA031390;
WDR47,HPA027287;HPA027289;
ABCB1,CAB001716;HPA002199;HPA074614;
ZNF213,HPA035000;HPA056750;
CPNE3,HPA029552;
MTIF2,HPA006021;HPA061422;
DDHD2,CAB015202;HPA023143;HPA023147;
TTC39A,HPA028098;HPA043440;
EPS15,HPA008451;CAB010164;HPA061431;
ATG16L1,HPA012577;HPA063900;
RAD54L,HPA028954;HPA051537;
MAST2,HPA039722;HPA040155;
DNAJA1,HPA001306;CAB033665;
NFX1,HPA056310;HPA061382;HPA073519;
EIF2AK1,HPA016496;CAB022082;HPA061675;
SNX10,HPA015605;HPA064782;
SEPHS1,HPA037645;HPA062118;
MRPL28,HPA030594;CAB033542;HPA055589;
RBM22,HPA001634;
TMED2,HPA014060;
ZFAND6,HPA034845;HPA052746;HPA077824;
TXLNG,HPA000297;HPA000841;
PPEF1,HPA034577;
PPP1R15A,CAB018395;HPA020240;
TRIP6,CAB046454;CAB046460;HPA052813;
FTL,CAB020769;HPA041602;
SRRT,HPA042858;HPA058379;
NLK,HPA018192;HPA056511;
ATXN7L3,HPA064316;
PSMC5,HPA017871;HPA064293;
MMP2,HPA001939;CAB002788;
SH3BP2,HPA036790;
NOP14,HPA039596;HPA055652;
TXNDC16,HPA002543;
RTRAF,HPA039824;
SF3B2,HPA045028;
GNAS,CAB010337;HPA018122;HPA027478;HPA028386;
DNM1L,CAB009952;HPA039324;
PTHLH,HPA035982;
PHACTR3,HPA051834;HPA054847;
TFAP2C,CAB016061;CAB016079;HPA055179;HPA057076;
AURKA,CAB001454;HPA002636;
PIR,HPA000697;
AAMDC,HPA037918;HPA037919;
ALG6,HPA062536;HPA076130;
CNOT3,HPA006408;
PTPN4,HPA019351;
KHSRP,HPA034739;HPA056518;
PDRG1,HPA047084;HPA063542;
SLC15A1,HPA002827;
TGDS,HPA039927;HPA040857;
DOCK3,HPA037543;HPA037544;
C3orf18,HPA012105;
ARHGAP28,HPA030413;HPA030414;HPA030415;
PPP1R13B,HPA006394;CAB015454;
ATRN,HPA008853;
NSFL1C,HPA047108;HPA050628;
SLC4A11,HPA018120;HPA058377;
ZNF343,HPA030587;HPA052438;
MAVS,CAB009187;HPA049850;HPA053524;
LZTS3,HPA031008;HPA031009;
XRN2,HPA047118;HPA050485;
TESC,HPA053200;
RPL6,HPA060903;HPA068418;
MAPKAPK5,CAB004546;HPA015515;
ESF1,HPA047083;HPA050396;
ANAPC5,HPA039457;HPA039801;
SLC23A2,HPA052825;HPA059314;
TASP1,HPA030824;HPA030825;
OAS1,HPA003657;CAB021104;
GCN1,HPA018799;HPA019648;HPA024367;
RPLP0,HPA003512;HPA073501;
PXN,CAB003841;HPA051309;
KIF16B,HPA051198;
TRMT6,HPA047032;HPA050408;
CHGB,HPA008759;CAB009403;HPA012602;
PEBP1,HPA008819;CAB009906;CAB013493;HPA063904;
BRAP,HPA040357;HPA058820;
ERP29,HPA039363;HPA039456;
FUS,HPA008784;CAB033036;CAB058691;
IGBP1,HPA000634;HPA001004;CAB034139;
FXYD5,HPA010817;
ZNF302,HPA059503;
GRAMD1A,HPA008852;HPA012570;
CDIP1,HPA049352;
CMTM1,HPA013801;HPA017136;
GANAB,HPA026874;HPA061426;
BIRC5,HPA002830;CAB004270;
MLF2,HPA010811;HPA010859;
DDX24,HPA002554;
ZBTB25,HPA054699;
NECAP1,HPA053980;HPA063300;
ANKRD24,HPA041534;HPA048498;
RCOR1,CAB001956;HPA049327;HPA054241;
GPATCH2L,HPA018856;
SLC9A1,CAB022371;HPA048532;HPA052891;
SPTLC1,HPA010860;CAB018747;HPA063907;
CCNK,HPA000645;HPA077073;
NUDC,HPA027183;HPA028105;
MAEA,HPA036886;HPA058185;
STRN4,HPA043051;HPA043527;HPA056706;
IRAK3,HPA043097;
MUL1,HPA026827;
PDCD7,HPA049388;
DNAJB11,HPA010814;HPA017051;
RAB11FIP3,HPA028088;HPA028631;HPA030086;
GNPTG,HPA004055;
ZNF268,HPA001794;
GOLGA3,HPA039809;HPA040044;
PABPC4,HPA027301;HPA056496;
USP48,HPA030045;HPA030046;
GLG1,HPA010815;
KIF4A,HPA034745;HPA034746;HPA061583;
TNRC6A,HPA015305;HPA017869;
PLEKHG2,HPA017973;HPA048054;
PITPNM2,HPA003414;HPA003978;
EXOC1,HPA037706;HPA044873;
POU4F3,HPA038215;
OSBPL8,HPA001309;
DTX2,HPA042931;
PUS7,HPA024116;
DLD,HPA044849;
WDR7,HPA042074;HPA051057;
TXNL1,HPA002828;HPA002829;CAB016446;
ABCC6,HPA038105;
MAP3K20,HPA017205;
FH,CAB017785;HPA025770;HPA025948;HPA027341;
SEL1L3,HPA040045;HPA058792;
CDV3,HPA029761;HPA029762;HPA029763;
ALKBH5,HPA007196;
SPAG7,HPA024032;HPA052394;
PSME1,HPA006632;
PPP2R3C,HPA040835;HPA058834;
HAUS4,HPA029803;HPA071195;
JPH4,CAB013492;
CEBPE,HPA002928;CAB005113;
HNRNPC,CAB005223;HPA051075;CAB075755;CAB075756;
SUPT16H,CAB022551;HPA049787;
TOX4,HPA017880;HPA027551;
TINF2,HPA059061;HPA069807;
WDR76,HPA039804;HPA040626;
SNAP23,HPA001214;CAB037083;CAB037317;
PHGDH,CAB003681;HPA021241;HPA024031;CAB068216;
COL9A3,HPA040125;HPA058323;
EZR,CAB004035;HPA021616;CAB047324;CAB075739;
TEKT2,HPA027248;HPA027461;
RFFL,CAB008096;HPA017910;HPA019492;
DPYSL2,HPA002381;CAB018719;
GPATCH2,HPA027181;HPA027322;
CDC45,HPA000614;CAB009459;
LRRFIP2,HPA035956;HPA042023;
XYLB,HPA037863;HPA038415;
HDAC6,HPA003714;CAB004236;HPA026321;
AAAS,HPA040086;
CBX5,HPA016699;CAB017548;
SUCO,HPA047251;
MSH2,CAB009572;HPA066845;CAB070867;
MAP3K1,CAB004500;HPA046509;
HOOK2,HPA043519;HPA050351;
ARCN1,HPA037573;HPA044874;
EPB41L4B,HPA042862;
PSMD5,HPA003216;
NUP188,HPA061750;HPA063942;
CRAT,HPA019230;HPA020260;HPA022815;
TBC1D2,HPA030871;HPA076521;
CWF19L1,HPA036889;HPA036890;
IKZF5,HPA015297;HPA051574;
SORBS1,HPA027559;CAB032850;HPA043084;
WAC,HPA036528;HPA042609;HPA074604;
CREM,HPA001818;CAB018352;
NUBP2,HPA041704;
HIVEP1,HPA050724;HPA067457;
SRPK1,HPA016431;HPA056486;
BRPF3,HPA022787;
PGC,HPA031717;HPA031718;
HSP90AB1,CAB005230;HPA055729;HPA072606;HPA074351;
CDC5L,HPA006302;HPA011361;CAB012275;
ITPR3,HPA003915;HPA064704;
ZNF184,HPA003226;HPA064793;
DSP,CAB037324;HPA045840;HPA054950;
HNRNPH3,HPA038264;
IFT74,HPA020247;HPA026684;
ACOT7,HPA025735;HPA025762;
SCD,HPA012107;HPA063921;
ABLIM1,HPA038951;HPA038952;
PRTFDC1,HPA021458;
MZF1,HPA001757;
OCEL1,HPA042070;HPA043223;
MYO9B,CAB037190;HPA042043;
PSMD8,HPA006702;CAB021101;
BCL7C,HPA018676;HPA052654;
CBARP,HPA012777;
HNRNPM,CAB016113;HPA024344;
TECR,HPA029780;HPA056488;
CDC34,HPA002382;CAB005109;CAB047311;HPA074334;
MISP,HPA049511;HPA062232;
POLRMT,HPA006366;
GADD45B,HPA029816;
PALM,HPA041713;HPA049578;
ARVCF,CAB016162;HPA055264;HPA063675;
TRMT2A,HPA001077;
MED15,HPA003179;
SNAP29,HPA031823;CAB037092;HPA056492;
LZTR1,HPA067852;HPA068772;HPA071248;
P2RX6,HPA028776;HPA028777;
DERL3,CAB037234;HPA049306;
BCL2L13,CAB002052;HPA030994;HPA050377;
DDT,HPA049871;HPA074115;
CABIN1,HPA043296;
SUSD2,HPA004117;
PPIL2,HPA035344;HPA055637;
ESS2,HPA001221;HPA001222;
CARD10,HPA029359;HPA055612;
LRP5L,HPA028717;
GRK3,HPA000804;
HIRA,CAB039243;CAB039244;HPA050714;HPA052902;
SH3BP1,HPA000757;
LGALS1,HPA000646;HPA000687;HPA001130;CAB002157;
HPS4,CAB033106;HPA050189;
SRRD,HPA002945;
PATZ1,HPA047893;HPA048315;
TFIP11,HPA027085;
EIF3L,HPA003028;
POLR2F,HPA000827;CAB009882;
TTC28,HPA003099;
CENPM,HPA042404;HPA056500;
SEPT3,HPA003548;CAB017633;
CYP2D6,HPA045223;
DDX17,CAB024908;HPA063142;
TCF20,CAB017849;HPA036786;
TOMM22,HPA003037;
RSPH14,HPA018420;HPA050425;
RTCB,HPA000535;HPA001103;
FBXO7,HPA032113;HPA032114;CAB034296;
POLDIP3,HPA018419;HPA048790;
PPP6R2,HPA030656;CAB034919;
SUN2,HPA001209;
CYB5R3,HPA001566;
DNAL4,HPA003647;
LMF2,HPA062626;
RHBDD3,HPA043979;
TTLL1,HPA048392;
TOM1,HPA000818;HPA001749;
CHKB,HPA018797;
RASD2,HPA005839;
TTLL12,HPA003054;CAB046029;
CBX7,CAB011574;HPA048677;HPA056480;
RPL3,HPA003365;HPA055361;
RBFOX2,HPA006240;HPA075862;
TAB1,CAB032328;HPA039988;HPA057104;
ASCC2,HPA001439;HPA052879;
MIEF1,HPA061059;
PNPLA3,HPA058058;
MYH9,HPA001644;CAB015386;HPA064783;
SAMM50,HPA034537;
TXN2,HPA000994;CAB008681;
EIF3D,HPA045882;HPA063330;HPA066216;
SGSM3,HPA048980;
IFT27,HPA018418;
KIAA0930,HPA038091;
FAM118A,HPA003902;
ST13,HPA043233;HPA046412;HPA047114;HPA047116;
EP300,CAB000146;HPA003128;HPA004112;
L3MBTL2,HPA000815;
PHF5A,HPA028885;
ACO2,HPA001097;
POLR3H,HPA046787;
DESI1,HPA053415;
CERK,HPA064699;
BRD1,HPA000807;HPA001063;
ZBED4,HPA045341;
ABHD4,HPA000600;
FKBP3,HPA000864;CAB012232;CAB012520;
SDR39U1,HPA044294;HPA075356;
RBM23,HPA004144;
PRMT5,HPA005525;CAB012459;HPA064708;
SOS2,CAB004577;HPA047368;HPA052689;
CDKL1,HPA059605;HPA065919;
CDKN3,CAB005285;HPA039311;HPA058874;
CNIH1,HPA002544;
CGRRF1,HPA002930;
CCDC198,HPA029202;
PLEK2,HPA001208;
VTI1B,HPA044121;HPA048150;HPA060118;
TIMM9,HPA002932;
GSTZ1,HPA004701;
KIAA0586,HPA000846;HPA050249;
SAMD15,HPA030673;HPA030677;
AHSA1,HPA000903;CAB006244;
DAAM1,HPA026605;HPA064789;
ISM2,HPA039314;HPA039742;
SNW1,HPA002457;CAB009931;HPA017370;
DHRS7,HPA031121;HPA078401;
PPM1A,HPA029209;
SIX4,HPA031794;
CEP128,HPA000602;HPA001116;HPA018498;
SUSD6,HPA030464;
SRSF5,HPA043484;HPA056523;
EIF5,HPA000867;CAB004226;
MTHFD1,HPA000704;HPA001290;HPA015006;HPA050052;
ZC3H14,HPA049798;HPA053510;
TELO2,HPA041348;HPA041473;
PCNX1,HPA053532;
GSKIP,HPA043054;HPA046782;
VRK1,HPA000660;HPA017929;
RPS6KA5,HPA001274;HPA001780;CAB025458;
PSMB5,HPA049518;HPA061796;
ACIN1,HPA000657;
TRIP11,HPA002570;HPA070684;
APEX1,HPA000956;HPA002564;CAB004294;CAB047307;
SRP54,HPA048977;HPA062044;
CHD8,HPA052186;HPA076133;
PCK2,CAB018734;HPA051162;HPA053502;
DCAF11,HPA003583;HPA031157;
NFKBIA,CAB003815;HPA029207;
BRMS1L,HPA046623;
REC8,HPA031727;HPA031729;
SEC23A,HPA043806;HPA069974;
PNN,HPA001378;
RABGGTA,HPA043488;
PCIF1,HPA049517;
MMP9,CAB000348;HPA001238;HPA063909;CAB068199;CAB068200;CAB068201;
GINS1,HPA051185;
UQCC1,HPA034875;
ZMYND8,HPA020949;
MYBL2,CAB017114;HPA030530;HPA055416;
HNF4A,HPA004712;CAB019417;
RIMS4,HPA060928;
SALL4,HPA015291;HPA015791;
ADNP,HPA006371;
CSTF1,CAB019270;HPA047275;HPA065000;
TPD52L2,HPA047489;
PRPF6,HPA047106;
PRELID3B,HPA047721;
SLCO4A1,HPA030669;HPA030670;
NTSR1,HPA050299;
MRGBP,HPA017012;
DIDO1,CAB004374;HPA049904;
GID8,HPA049929;HPA055047;
SLC17A9,HPA047470;
ARFGAP1,HPA051019;HPA056273;
C20orf27,HPA047483;
CDC25B,HPA038892;HPA038893;HPA075215;
ARFRP1,HPA047028;HPA050634;
TRIB3,HPA015272;HPA055442;
CSNK2A1,CAB020680;HPA059206;HPA061698;CAB069395;
SEC23B,HPA008216;HPA069974;
POFUT1,HPA054519;HPA059935;
SAMHD1,HPA047072;
KIF3B,HPA007119;
NOP56,HPA049918;CAB075757;
MANBAL,HPA052348;
IDH3B,HPA049387;HPA054180;
JAG1,CAB010343;HPA021555;
CST3,CAB000118;HPA013143;
AHCY,HPA041225;HPA044675;
PIGU,HPA041706;HPA046766;
ACOT8,CAB010261;
ZNF516,HPA015792;
ADNP2,HPA007126;
RBFA,HPA040485;HPA041479;
VAPA,HPA009174;
METTL4,HPA040061;HPA046734;
LPIN2,CAB015223;HPA017857;HPA030550;
CEP192,HPA039392;HPA040503;
RNMT,HPA039409;
RNF125,HPA041514;
ANKRD12,HPA040705;
NOL4,HPA046740;
MIB1,HPA019100;CAB037044;
RIOK3,HPA001620;HPA024184;
PSMD10,HPA002920;CAB010434;
ATG4A,HPA036374;HPA064759;
PGRMC1,HPA002877;HPA064724;
POLA1,HPA002947;CAB012274;
NKAP,HPA000916;
PRPS2,HPA051269;HPA067599;CAB070417;
MOSPD1,HPA031158;
AMMECR1,HPA000590;HPA051762;
XIAP,CAB009203;HPA042428;
SMARCA1,HPA003335;HPA064712;
ZC3H12B,HPA000836;
RBBP7,CAB037084;HPA060710;HPA060724;
FMR1,CAB012444;HPA050118;HPA056084;
SCML2,HPA001662;HPA064713;
SLC35A2,HPA036087;
PCSK1N,HPA003925;HPA064734;
EMD,HPA000609;CAB001545;CAB002029;CAB058694;CAB062552;
TAZ,HPA039557;
CD99L2,HPA038782;HPA038783;HPA061400;
EEA1,CAB005861;CAB018782;HPA038158;HPA038159;
JADE3,HPA006007;HPA064697;
CDK16,HPA000974;HPA001366;CAB016535;
HTATSF1,HPA000504;
TIMP1,CAB022360;HPA053417;
KLHL4,HPA029192;
FGD1,HPA000911;
RBM3,HPA003624;CAB062559;
CENPI,HPA061297;
TAF7L,HPA001879;HPA072008;
PBDC1,HPA003155;
ARMCX3,HPA000325;HPA000967;HPA001530;
RUBCNL,HPA026614;
KLF5,HPA040398;
STK24,HPA026435;HPA026502;
ACP5,CAB002584;HPA057655;HPA059463;
DNAJC3,HPA039336;HPA041326;
SUPT20H,HPA038906;HPA038907;
MRPS31,HPA039083;HPA046344;
KPNA3,HPA046852;HPA077643;
KATNAL1,HPA046205;
INTS6,HPA001552;HPA001846;
DHRS12,CAB034238;HPA057028;HPA058315;
ZNF629,HPA019550;HPA056051;
TRADD,CAB004602;HPA071341;
CORO1A,CAB046473;HPA051132;
MAPK3,CAB002683;HPA003995;HPA005700;HPA030069;
GDPD3,HPA041148;HPA041470;
ELMO3,HPA021484;
CENPT,HPA041220;HPA058036;
N4BP1,HPA040849;HPA041080;
ZNF423,HPA015258;HPA065820;
DHODH,HPA010123;HPA011942;
CTCF,HPA004122;CAB062550;CAB068181;CAB068182;
ACD,HPA049411;HPA057660;
ZNF821,HPA036372;HPA042742;
MMP15,CAB002611;HPA040390;
CYB5B,HPA007893;
NME3,HPA041113;HPA052733;
NDRG4,HPA015313;HPA017587;
PSMD7,CAB019379;HPA049824;HPA056069;
SLC38A7,HPA041777;
HAS3,HPA031554;CAB033850;
TANGO6,HPA041312;
COG4,HPA040924;HPA042539;
SLC7A6OS,HPA041533;
SLC7A6,HPA050713;
PLA2G15,HPA041702;HPA041727;
ESRP2,HPA040751;HPA048597;HPA048618;
WDR59,HPA041084;HPA048218;
MON1B,HPA046285;
CMC2,HPA006871;CAB026396;
AXIN1,CAB012987;
NPRL3,HPA011741;
SEC14L5,HPA041492;HPA041825;
TSC2,CAB002225;HPA030409;HPA049679;
ZNF500,HPA035498;HPA057963;
ABCC1,HPA002380;HPA076011;
NARFL,HPA040851;
MTHFSD,HPA041333;
CLCN7,HPA043019;HPA043586;
FAM173A,HPA046262;
METRN,HPA051164;
STUB1,CAB037202;CAB037209;HPA041222;HPA043531;
RHBDL1,HPA030359;HPA030360;HPA046593;
NUBP1,HPA041656;HPA041799;
EEF2K,CAB007818;HPA056061;
CAPN15,HPA011960;
GSPT1,HPA052488;HPA074588;
ZNF174,HPA009656;
CLUAP1,HPA036976;HPA044191;
GGA2,CAB034422;HPA043313;HPA063634;
USP31,HPA006937;
HMOX2,CAB025464;HPA040611;
DNAJA3,CAB016095;HPA040875;HPA044229;
SALL1,HPA049829;HPA074673;
PYCARD,CAB006853;CAB015948;HPA049074;HPA054496;
RPGRIP1L,HPA039405;HPA040530;
MAZ,HPA048315;HPA059495;HPA065930;
STX4,HPA001330;
CDIPT,HPA056597;
BCKDK,HPA017995;HPA056067;
NOMO1,CAB025192;HPA046697;HPA061174;
IL21R,HPA042296;
SYT17,HPA042059;
CCP110,HPA039402;
VPS35L,HPA042969;HPA053547;
RNF40,HPA041330;HPA054227;
AAGAB,HPA039371;HPA040174;
IQCH,HPA040845;
LACTB,HPA036361;HPA036362;
CORO2B,HPA017960;
CSK,CAB011203;HPA026488;HPA028425;
MTFMT,HPA040710;
AP3B2,HPA039467;HPA039818;
TTC23,HPA039806;HPA040369;
CD276,HPA009285;HPA017139;CAB017826;
RPAP1,HPA041739;
TMEM87A,HPA018104;HPA018189;
ZNF106,HPA054267;
CEP152,HPA039408;
ATP8B4,HPA040254;
FAM189A1,HPA009410;HPA010637;
TJP1,HPA001636;HPA001637;CAB010822;
BMF,HPA010120;
DNAJC17,HPA040914;HPA041187;
EIF3J,HPA050977;
SPG11,HPA040412;HPA040947;
MYEF2,HPA004883;
PDGFRL,HPA052801;
TRIM35,HPA019647;
ZFAND1,HPA023383;
INTS9,HPA051615;HPA066822;
NBN,HPA001429;CAB003836;
DECR1,HPA023160;HPA023162;HPA023238;
CALB1,CAB002138;HPA023099;HPA056734;
IMPAD1,HPA009411;
IKBKB,HPA001249;CAB004447;
PLAT,HPA003412;CAB009335;
JPH1,HPA008996;HPA009413;CAB013461;
GDAP1,HPA014266;HPA024334;
EIF3E,HPA023973;
WISP1,HPA007121;CAB012205;
NDRG1,HPA006881;
ARMC1,HPA026085;
TRPS1,HPA060380;HPA071767;
CHRAC1,HPA059008;
UBR5,HPA053688;
GSDMD,CAB004656;HPA044487;
TSTA3,HPA023361;
ANXA13,HPA018535;HPA019569;HPA019650;CAB025135;
SQLE,HPA018038;HPA020762;
SH2D4A,HPA001871;HPA001919;
INTS10,HPA039129;HPA050570;
DCTN6,HPA024049;HPA024558;
R3HCC1,HPA023073;HPA023153;
GSR,HPA001538;CAB008632;HPA064806;
TNFRSF10A,HPA050958;HPA054475;
ERICH1,HPA003725;
ARHGEF10,HPA024649;
KLHDC4,HPA041665;
MCM4,CAB004497;HPA004873;HPA031052;
KCTD9,HPA042468;HPA047902;
BNIP3L,HPA015652;CAB025371;
MAN2B1,HPA041530;HPA053404;
NUCB1,HPA008176;
DHDH,HPA044131;
GYS1,CAB007793;HPA041598;
MAP4K1,HPA007419;CAB007754;
CGB2,HPA038925;HPA038934;
ECH1,HPA002907;HPA005835;
HNRNPL,CAB016326;HPA051748;HPA052661;
CGB3,CAB000042;CAB010884;HPA038925;HPA038934;
TUBB4A,CAB010768;HPA043640;HPA046280;
SNRNP70,CAB001718;HPA042050;HPA043516;
RELB,CAB007753;HPA040506;
CLASRP,HPA060469;HPA062455;
PPP1R37,HPA041500;
PIH1D1,HPA047258;
PPP1R13L,CAB005016;HPA041231;HPA059883;
PLEKHJ1,HPA048989;
RNASEH2A,HPA042692;
KLC3,HPA052797;HPA056508;
SF3A2,HPA042843;HPA049439;
OAZ1,HPA009291;
STX10,HPA035303;HPA056439;
DMPK,HPA007164;HPA008905;
PTOV1,HPA051812;HPA075125;
AES,HPA049499;
SGTA,HPA056309;
MED25,HPA068802;
SNAPC2,HPA049843;HPA077597;
C19orf53,HPA059928;HPA061291;
TIMM44,HPA043052;HPA073108;
CCDC61,HPA040325;HPA061548;
ASF1B,HPA054036;HPA069385;
TNNT1,CAB015168;HPA058448;
VRK3,HPA056489;
FAM32A,HPA051712;
PPP6R1,HPA043989;HPA063681;
OLFM2,HPA049961;HPA057771;
ZNF419,HPA003152;HPA003274;
SYDE1,HPA013328;
CCNE1,CAB000308;CAB016682;HPA018169;
PDCD5,HPA018471;
ANKRD27,HPA042769;
RPS16,HPA064222;
TIMM50,HPA048843;HPA056448;
LGALS13,HPA046803;
GPI,CAB018655;HPA024305;CAB040563;HPA052171;
PIAS4,HPA010598;HPA076008;
CCDC94,HPA043606;HPA055675;
SHD,HPA017955;
TBCB,HPA041428;HPA041722;
POLR2I,HPA035632;HPA045156;
PRKD2,HPA021490;HPA056727;
TJP3,CAB013244;HPA046863;HPA053337;
CACTIN,HPA042504;HPA042548;
HNRNPUL1,HPA046290;CAB046477;HPA049475;
FZR1,HPA043536;
DMAC2,HPA041427;
SIGLEC8,HPA012556;
NOP53,HPA018999;HPA049600;
ETFB,HPA018910;HPA018921;HPA018923;
CDC37,HPA003928;CAB004214;
NAPA,CAB010100;HPA046149;HPA050196;
RABAC1,CAB019320;HPA029171;
MEIS3,HPA046699;
PTPRS,HPA054747;
CNFN,HPA049073;HPA053997;
KDELR1,CAB017455;
GRWD1,HPA042643;HPA055680;
CLEC11A,HPA042690;
CARD8,HPA042071;HPA043513;
LIG1,CAB037015;HPA041431;HPA048071;
MIER2,HPA041439;
PPP2R1A,CAB018599;
GCDH,HPA043252;HPA048492;
MAST1,HPA028181;HPA073106;
PRPF31,HPA041939;HPA061873;
TFPT,HPA034958;HPA058534;
ISYNA1,HPA007931;HPA008232;CAB020720;
COPE,CAB034345;HPA041605;HPA043576;
ARMC6,HPA041420;HPA041681;
KXD1,HPA041507;HPA041599;
FKBP8,CAB025346;HPA045177;
SUGP1,HPA004890;
ZNF14,HPA049863;
PBX4,HPA049859;HPA056469;
GSK3A,CAB004422;HPA028423;
ATP13A1,HPA031798;HPA049717;
ZNF574,HPA023196;HPA057274;
ZNF85,HPA044760;
ETHE1,HPA028360;HPA029028;HPA029029;
CADM4,HPA012612;
SMG9,HPA041763;HPA042096;
DNAJC2,HPA020454;
TWISTNB,HPA019071;HPA022416;
HBP1,HPA020225;CAB032824;
DUS4L,HPA044301;
SP4,CAB010246;HPA040395;
DLX5,HPA005670;
MTPN,HPA019735;
GSDME,HPA011326;CAB019306;
ATP6V0A4,HPA018029;HPA064555;
ZC3HAV1,HPA047818;HPA059096;
TTC26,HPA036338;HPA036339;
OGDH,HPA019514;HPA020347;
ADAP1,HPA007033;HPA012049;
CAV2,CAB013488;HPA044810;
CAV1,CAB003791;HPA049326;
MET,CAB005282;CAB018577;HPA055607;
LMBR1,HPA016592;
WNT2,HPA020920;
DNAJB6,CAB004670;HPA024258;HPA058593;
HOXA3,HPA029157;
IQCE,HPA019515;
ANKRD7,HPA043489;HPA052941;
TSPAN12,HPA051570;HPA058244;
SSBP1,HPA002866;
CPED1,HPA012058;
TAX1BP1,HPA024432;
CPVL,CAB003697;HPA045715;HPA056466;
CHN2,HPA018989;HPA019026;
GRB10,CAB019423;HPA027502;HPA031818;
ABHD11,HPA024042;HPA049641;
FKBP14,HPA013329;HPA026829;
GARS,HPA017896;HPA019097;
MINDY4,HPA019475;HPA030129;HPA030130;
CASP2,CAB012175;HPA050678;
CHCHD2,HPA027407;HPA052510;
HSPB1,HPA000497;CAB004439;CAB047330;CAB047331;CAB047332;
BUD31,HPA028943;
SNX8,HPA057296;HPA060194;
NUDT1,HPA012636;
WASL,CAB005399;HPA005750;
AIMP2,HPA019098;HPA020057;
MOSPD3,HPA041137;HPA048240;
USP42,HPA064800;
SERPINE1,HPA050039;CAB068501;
C1GALT1,HPA011294;HPA012819;
ZNHIT1,HPA019043;
GLCCI1,HPA001674;HPA005987;
MYL10,HPA019763;
EZH2,CAB009589;
ZNF862,HPA024154;
MEST,HPA005623;
TSPAN13,HPA007426;
AHR,CAB005072;HPA029722;HPA029723;
CHCHD3,HPA042935;
COA1,HPA011944;
URGCP,HPA019879;HPA020134;HPA029468;
TMEM248,HPA016495;
PRKAG2,HPA004246;CAB018641;
POLD2,HPA026745;
GCK,HPA007034;HPA007093;
BCL7B,HPA049943;HPA058069;
YKT6,HPA030817;HPA030818;
TBL2,HPA007477;HPA051533;
LIMK1,HPA028516;HPA073571;
LHX2,HPA000838;
TMEM245,HPA023892;
MEGF9,HPA014319;HPA050238;
CORO2A,HPA041161;HPA041302;
SEC61B,HPA049407;
LHX6,HPA047854;HPA058319;
SUSD1,HPA048554;
DNM1,CAB005920;HPA049910;HPA061801;
AK1,HPA006456;CAB009893;
PLGRKT,HPA008214;HPA011144;
TBC1D13,HPA045865;
ELAVL2,CAB022222;HPA063001;
NCS1,CAB018587;HPA019713;
FUBP3,HPA047658;HPA058392;
CREB3,HPA030978;
RGP1,HPA020414;HPA021085;
EDF1,HPA035642;
GLIS3,HPA056426;
BAG1,CAB002486;HPA018121;
SETX,HPA024105;HPA057269;
SHB,CAB010161;HPA049911;HPA052108;
UBE2R2,HPA061000;HPA074334;
EXOSC3,HPA020485;
ZFAND5,HPA018129;HPA077824;
PDLIM1,HPA017010;CAB072838;CAB072840;
CCNJ,HPA036531;HPA058151;
DNTT,HPA036532;HPA044194;
ATRNL1,HPA038070;
RASSF4,HPA038834;HPA077069;
RAB11FIP2,HPA037726;
ERLIN1,HPA011252;
EIF3A,HPA038315;HPA038316;
DDX50,HPA037388;HPA037389;HPA058196;
SEC23IP,HPA038403;HPA043305;
ATE1,HPA038444;HPA057549;
NSMCE4A,HPA037459;HPA038412;HPA044872;
VSIR,HPA007968;
MICU1,HPA037479;HPA037480;
CCSER2,HPA037481;HPA037482;
BMPR1A,CAB019398;
LZTS2,HPA044956;
FBXW4,HPA043496;
NPM3,HPA036295;HPA036296;
TNKS2,HPA036606;
GBF1,HPA037759;HPA037760;
CUEDC2,HPA036544;HPA041829;
SUFU,HPA008700;
ANKRD26,HPA040654;HPA041460;
LHPP,HPA009163;HPA009269;
LARP4B,HPA036566;HPA042738;
GTPBP4,HPA039618;HPA056468;
EDRF1,HPA031820;
PITRM1,HPA006753;HPA006754;
STN1,HPA037924;HPA037925;
MAP3K8,CAB005120;HPA017962;
SORCS1,HPA011948;
FAM208B,HPA038042;HPA038043;HPA061547;
SMC3,HPA037411;HPA043206;
TFAM,HPA040648;HPA063684;
CCDC6,HPA019049;HPA019051;
CUL2,CAB002677;HPA024578;
UBE2S,CAB015228;HPA057150;
RPL28,HPA050459;
TBC1D12,HPA038277;HPA038645;
KRT23,HPA012050;HPA016959;CAB017091;
GIT1,HPA004059;HPA004186;
RPL19,HPA043014;HPA051987;
UBTF,CAB004611;HPA006385;
PSMD3,CAB017038;HPA048972;
CASC3,HPA024592;HPA050262;
RAPGEFL1,HPA022895;
ASPA,HPA022142;HPA022145;
DHX40,HPA044350;
TUBD1,CAB004609;HPA023980;HPA027090;
KPNB1,HPA029878;CAB034449;HPA050302;
GOSR2,CAB017456;HPA048956;HPA054472;
PNPO,HPA023204;HPA027776;
RPS6KB1,CAB003838;CAB018346;HPA039442;
GALK1,HPA007094;HPA016960;
CAMTA2,HPA027835;HPA051147;
HOXB6,HPA042063;
PFN1,CAB037134;CAB037140;
RAI1,HPA023898;HPA054906;
NUP88,CAB002209;HPA021816;
C1QBP,HPA026483;
CCDC47,HPA029674;HPA072573;HPA075958;
MED31,HPA035947;
FTSJ3,HPA055544;HPA062628;
AKAP10,HPA028901;
ALDH3A1,CAB045957;HPA051150;HPA063783;
SYNGR2,HPA014742;
C17orf75,HPA004061;HPA075333;
CYTH1,HPA047498;
HSD17B1,HPA021032;HPA065296;
CNTNAP1,HPA011772;
EZH1,HPA005478;HPA077684;
DLX4,HPA059933;
LRRC59,HPA030827;HPA030829;
ALOX12,HPA010691;CAB019287;HPA064819;
HDAC5,CAB019400;HPA030991;
LUC7L3,HPA018475;HPA018484;HPA020017;
MPP2,HPA026486;HPA073483;
DUSP3,HPA063616;
SLC16A6,HPA054459;HPA066328;
PRKAR1A,CAB019378;HPA049979;
YWHAE,HPA008445;CAB016200;CAB021109;CAB047350;HPA061603;
RANGRF,HPA057280;HPA057888;
MAP2K6,CAB007744;HPA031134;
DHRS7B,HPA012132;HPA016873;
WSB1,HPA003293;
SLC9A3R1,CAB001962;HPA009672;HPA027247;
NAT9,HPA021820;HPA057149;
TMEM104,HPA044330;
TNFAIP1,HPA013333;HPA014641;
IFT20,HPA021376;
CDR2L,HPA022015;
SUPT6H,CAB012416;HPA036382;
PHF12,HPA021410;HPA021452;
OCIAD1,HPA044803;
DCUN1D4,HPA036483;HPA036484;
ODAM,HPA036279;HPA036543;HPA070297;
KIAA1211,HPA043249;HPA048148;
NFKB1,CAB004031;HPA027305;
AREG,HPA008720;CAB023519;
UBE2D3,HPA003920;
ZNF330,HPA015705;HPA056325;
INPP4B,HPA037681;HPA037682;
CPE,HPA003819;CAB024907;
RPL34,HPA035139;
GAR1,HPA059098;
TRIM2,HPA035853;HPA035854;
FBXW7,CAB013793;CAB029987;
TBC1D19,HPA039592;
CLNK,HPA035671;HPA035672;
NKX3-2,HPA027564;
MFSD10,HPA043209;
UGDH,CAB034444;HPA036656;HPA036657;
CRYAB,CAB002053;CAB040560;HPA057100;
HTATIP2,HPA006417;HPA024321;
CCDC34,HPA037574;
ELP4,HPA038572;HPA038573;
ZPR1,CAB022596;HPA030979;
MTCH2,HPA038390;
FNBP4,HPA039485;HPA040029;
JHY,HPA039612;HPA040344;HPA077658;HPA077748;
B3GAT1,CAB002500;CAB010893;HPA069468;HPA074314;
VWA5A,HPA037813;HPA037814;HPA061500;
DTX4,HPA056760;HPA059294;
OSBP,HPA039227;HPA043625;
PUS3,HPA038040;HPA063802;
DCPS,HPA039632;HPA058597;
KMT5B,HPA063648;
FOXRED1,HPA039620;HPA046192;
PPP6R3,CAB017183;HPA038467;HPA038468;
PRPF19,CAB012448;HPA038051;HPA059070;
TMEM109,HPA011785;
TRIM3,HPA043396;HPA048233;
CHORDC1,HPA041040;
ANAPC15,HPA036596;
PANX1,HPA016930;
ARHGEF17,HPA007991;
RNF141,HPA018133;
CEP126,HPA038381;HPA038399;
EIF4G2,CAB005163;HPA006773;HPA016965;
UBE4A,HPA055035;HPA064010;
CBL,CAB004350;HPA027956;
KIAA1549L,HPA010132;HPA051594;
FBXO3,HPA002467;
PDHX,HPA038484;HPA038485;
SLC15A3,HPA047880;HPA057642;
ACCS,HPA018873;HPA021654;
AMBRA1,CAB017825;HPA038535;
MADD,HPA038568;
PTPMT1,HPA043932;HPA060060;
CD81,CAB002507;HPA007234;
SLC35F2,HPA048185;HPA050695;HPA060150;
SOX6,HPA001923;HPA003908;
AIP,CAB033674;HPA050217;CAB069477;
NDUFS8,HPA018524;HPA067429;
TCIRG1,HPA038742;
GTF2H1,CAB004637;HPA046660;
PSMD9,HPA040512;HPA044220;
PPFIBP1,HPA001924;
PRDM4,HPA024322;HPA067437;
COQ5,HPA049487;
CAPRIN2,HPA039746;
KCTD10,HPA014273;
SLC11A2,HPA032139;HPA032140;
CAMKK2,HPA017389;HPA063713;
IL23A,HPA001554;
ATP5F1B,HPA001520;HPA001528;CAB017527;
RSRC2,HPA040070;HPA048183;
MYF5,HPA041691;
KRT18,CAB000008;CAB000030;HPA001605;
METAP2,CAB013025;HPA019095;
ITFG2,HPA038664;HPA038665;
FOXM1,CAB017832;
ARPC3,HPA006550;
GPN3,HPA039764;HPA047793;
VPS29,HPA039748;
MYL2,HPA019763;HPA039262;
RAD51AP1,HPA051499;
SH2B3,HPA005483;
DUSP16,HPA020326;
CREBL2,HPA043738;
CDKN1B,CAB003691;CAB021888;HPA059086;
LTBR,CAB026202;HPA061617;
OGFOD2,HPA039448;HPA040306;
CDK2AP1,CAB019377;HPA057648;HPA068833;
OAS3,HPA041253;HPA041372;
RASAL1,HPA041650;
ARHGDIB,CAB018584;HPA051235;
GTF2H3,HPA004844;HPA053562;
EIF2B1,CAB034258;HPA049509;
DDX55,HPA039962;HPA044101;
VDR,CAB004617;HPA047740;HPA072102;
RFC5,HPA041037;
TBC1D30,HPA039772;HPA040043;
MDM1,HPA040411;HPA041594;
CNOT2,HPA067711;
KRR1,HPA043433;HPA051690;
GAPDH,CAB005197;CAB016392;HPA040067;HPA061280;
CHD4,HPA012008;
ACRBP,HPA039081;HPA039082;
COPS7A,HPA026915;
GNB3,HPA040736;
CHPT1,HPA067643;
USP5,HPA006756;
TPI1,HPA050924;HPA053568;
ATN1,HPA031619;
C12orf57,HPA046182;HPA059163;HPA066043;
SUDS3,HPA040402;HPA041972;
LDHB,CAB004641;HPA019007;
PRKAB1,HPA004247;CAB005058;
CMAS,HPA039905;
C2CD5,HPA046194;
PHC1,HPA006973;
FGFR1OP2,HPA038308;HPA038696;
KLRB1,HPA039113;
RSPH4A,HPA031196;HPA031197;HPA031198;
NEDD9,HPA009689;CAB009720;HPA038768;HPA039270;HPA072955;
ADTRP,HPA048113;
MCM9,HPA031137;
RNGTT,HPA003750;
SERINC1,HPA035738;HPA035739;
HDDC2,HPA035677;
SASH1,HPA029947;HPA029949;
FBXO5,CAB008106;HPA029048;
FANCE,CAB014893;
KCTD20,HPA030092;
SRSF3,CAB012986;HPA056981;
MCM3,CAB002162;HPA004789;HPA004790;
MDGA1,HPA031235;HPA050382;
FBXO9,HPA064246;
MDN1,HPA029666;HPA029667;HPA029668;HPA029669;
SAYSD1,HPA007959;
CAP2,HPA050530;HPA054147;
ZNF451,HPA028838;
RAB23,HPA029135;HPA029136;
CCNC,CAB010499;HPA069322;
ASCC3,HPA031608;HPA031609;HPA031610;
CRYBG1,CAB026378;HPA030948;HPA030949;
ACOT13,HPA019881;HPA057134;
C6orf62,HPA030564;HPA030566;
GMNN,CAB011458;CAB047327;CAB047328;HPA049977;HPA054597;
HBS1L,HPA029728;HPA029729;
TRIM38,HPA031685;
ZBTB24,HPA017872;HPA049003;
EPM2A,HPA053643;HPA055468;
SLC39A7,HPA053999;
PHF1,HPA031038;
CUTA,CAB016787;HPA064369;
QKI,HPA019123;CAB022602;
C6orf118,HPA029787;HPA029789;
MDFI,HPA049973;
TFEB,HPA049532;
FAM120B,HPA037518;HPA037519;
TBP,CAB009442;HPA049805;
BICRAL,HPA029390;HPA029391;
PPP2R5D,HPA029045;HPA029046;
SRF,HPA001819;CAB005416;
DNPH1,HPA029675;HPA029676;
DUSP22,HPA031394;
EXOC2,HPA032093;
SENP6,HPA024376;
PRPF4B,HPA020638;
TTK,CAB010166;CAB013229;
BTN2A1,HPA019208;
LAMA4,HPA015693;CAB078156;
ERBIN,HPA048606;HPA059863;
PCDHB2,HPA007548;
HARS2,HPA035941;
MAN2A1,CAB022377;HPA026896;
PAPD7,HPA045487;HPA046742;
HMGCS1,CAB032907;HPA036913;HPA036914;
DAP,HPA029456;
HSPA9,HPA000898;CAB005219;
PFDN1,HPA006499;
APBB3,HPA005571;HPA076196;
TMCO6,HPA037473;HPA037474;
HAND1,HPA040925;
PCDHB6,HPA029566;HPA075308;
CLK4,HPA043746;
HAVCR1,HPA007173;CAB075697;
ARSB,HPA037770;HPA037771;
CLINT1,HPA043280;HPA056947;
CNOT6,HPA044568;
TTC1,HPA036557;HPA057502;
MSH3,HPA036081;
CCNG1,CAB000350;
POLR3G,CAB010109;HPA052658;HPA074330;
LMNB1,CAB005269;HPA050524;CAB079757;
SUB1,HPA001311;CAB015351;
FAM172A,HPA012299;HPA045505;
PDE4D,HPA045895;
BRIX1,HPA039614;
RAD50,CAB022103;CAB024979;HPA052291;
SKP1,CAB012982;HPA053745;HPA058134;
NUP155,HPA037775;
NR3C1,HPA004248;CAB010435;
TRAPPC13,HPA037777;
TXNDC15,HPA015483;
TTC33,HPA038252;HPA038253;
RARS,HPA003979;HPA004130;
WWC1,HPA038016;HPA038017;
H2AFY,HPA041189;HPA050962;
SMAD5,HPA058931;
HMGXB3,HPA005967;
ERGIC1,HPA018666;HPA018900;
STC2,HPA045372;
CPEB4,HPA038394;
DBN1,HPA051452;HPA056940;
ZNF346,HPA018485;
TIMMDC1,HPA053214;HPA055846;
BCL6,CAB000307;HPA004899;HPA050645;
NIT2,HPA036999;HPA041289;
FAM162A,HPA035856;HPA058113;
OGG1,HPA027514;CAB047301;
KPNA1,HPA053627;HPA063426;
UBE3A,CAB009723;HPA039410;HPA040380;
ARMC8,HPA036996;HPA044869;
CEP70,HPA036941;HPA036942;
RBP1,HPA007338;CAB018603;CAB019276;
SLC25A36,HPA027036;
RNF7,HPA036995;
KAT2B,HPA002470;CAB004526;HPA055839;HPA073897;
PFKFB4,HPA047719;HPA066058;
USP4,HPA018499;
ECT2,HPA036363;HPA053261;
GNAI2,HPA007704;
TFG,HPA019473;HPA052206;
TUSC2,HPA030116;
RPL24,HPA051653;
C3orf14,HPA048286;
FXR1,HPA018246;HPA055475;
BBX,HPA006049;HPA050646;
IFT57,HPA035514;HPA035515;
GNB4,CAB018383;CAB018737;HPA040736;
IQCG,HPA042787;HPA051981;
ABTB1,HPA035022;HPA035023;
PODXL2,CAB024934;HPA042265;
NEK11,HPA016908;
CISH,CAB034039;HPA040812;
MAPKAPK3,HPA058275;
WDR48,HPA038421;HPA058015;
GORASP1,HPA056283;
RRP9,HPA038798;
ABHD14B,HPA036444;HPA036642;
ARHGEF26,HPA017722;HPA049195;
PLCH1,HPA036176;HPA057978;
TNNC1,CAB002450;HPA044848;HPA056897;
NKTR,HPA022120;HPA051576;
FOXP1,HPA003876;CAB011501;
EIF4G1,CAB014774;HPA028487;HPA043866;
EEF1B2,CAB012477;HPA035029;
RTKN,HPA030259;
NCL,CAB004210;HPA023981;HPA071110;
SLC35F5,HPA034828;HPA049229;
EPB41L5,HPA037563;HPA037564;
SF3B6,HPA034829;HPA034830;
TP53I3,CAB017479;HPA022012;HPA028742;
DNAJC27,HPA036815;HPA036816;
STAM2,HPA035528;HPA035529;
CYTIP,HPA007191;
PSMD14,HPA002114;HPA003828;
PPM1G,HPA035530;HPA035531;
GCA,HPA035033;HPA035034;
TTC31,HPA041783;
GRB14,CAB022294;HPA035052;HPA035053;
CLIP4,HPA043366;HPA056246;
TLX2,HPA062254;
SPTBN1,HPA012685;HPA013149;
AUP1,HPA007674;
RTN4,CAB005388;HPA023977;
DOK1,CAB004224;HPA048561;
GALNT3,HPA007613;
EVA1A,HPA008055;
LANCL1,HPA034994;
WDR75,HPA038199;
PAPOLG,CAB017795;HPA035349;HPA035350;
ELMOD3,HPA012126;
CCT4,HPA029349;
OTX1,CAB012341;HPA052122;
TXNDC9,HPA031844;HPA031845;HPA031846;
COQ10B,HPA046057;
SF3B1,HPA050275;
KDM3A,HPA055543;HPA065162;
IL18R1,HPA007615;
SLC9A2,HPA035121;HPA035122;
FHL2,HPA005922;HPA006028;CAB008368;
ABCB6,HPA046723;HPA058011;
HDLBP,HPA004189;CAB026457;
PASK,HPA016450;HPA021079;
ODC1,HPA001536;CAB035996;
NOL10,HPA035286;HPA043075;
GORASP2,HPA035274;HPA035275;CAB075758;
STRN,HPA017286;
CEBPZ,HPA052065;
RAB3GAP1,HPA034494;HPA034495;
SLC25A12,HPA035333;HPA035334;
DLX2,HPA056965;
DARS,HPA020451;HPA029804;HPA029805;
SRSF7,HPA043850;HPA056926;
SDC1,CAB002424;HPA006185;HPA067477;
SLC1A4,HPA034963;HPA034964;
SOS1,CAB005396;
ORC2,CAB003693;HPA073881;
COX7A2L,HPA059124;CAB073545;
PNO1,HPA056928;
ORC4,CAB015124;HPA064562;
ATF2,CAB003769;HPA022134;
THADA,HPA035191;HPA035192;
C2orf42,HPA031840;HPA031841;HPA031842;
TIA1,HPA056961;
NFE2L2,HPA002990;CAB020317;HPA043438;
MSH6,CAB009091;HPA028376;HPA028446;CAB070870;
PLEKHA3,HPA034496;HPA034497;
SPR,HPA039505;
FARSB,HPA036677;HPA036678;HPA061398;
DNAJC16,HPA043643;
MORN1,HPA005858;HPA070703;
CACYBP,HPA025753;HPA057038;
RALGPS2,HPA027143;HPA028328;
FAM20B,HPA007409;
LRRC42,HPA047458;HPA050537;HPA064581;
MRPL37,HPA025767;HPA025826;HPA025951;
QSOX1,HPA056243;
STXBP3,HPA027225;
SRSF4,HPA050975;
MECR,HPA022018;HPA022030;HPA028740;
KCNC4,HPA014740;
WDR77,HPA026437;HPA026448;HPA027271;
HDAC1,CAB005017;HPA029693;CAB068191;
RNF19B,HPA049587;HPA063640;
ASH1L,HPA004806;
SFPQ,CAB009886;HPA047513;HPA054689;
LAMTOR2,HPA004126;
MEF2D,HPA004807;HPA007114;
SRM,HPA015746;
FBXO2,HPA005472;
C1orf21,HPA026831;
SWT1,HPA024214;HPA027334;
DNAJC6,HPA031182;HPA054917;
IVNS1ABP,HPA003405;
MIIP,HPA044948;
SMG7,HPA029350;
GADD45A,HPA053420;
PRAMEF12,HPA045286;HPA051704;
PRDM2,HPA005809;
RGS2,HPA013385;
TROVE2,HPA002835;HPA005142;
NR5A2,HPA005455;HPA017067;
ADPRHL2,HPA026641;HPA027104;HPA027141;
MAP7D1,HPA028075;
OSCP1,HPA028436;HPA052655;
MRPS15,HPA028100;HPA028134;HPA067137;
EXOC8,HPA027438;
TSNAX,HPA024613;HPA031054;HPA031055;CAB034263;
C1orf109,HPA027110;HPA027127;
RRAGC,HPA018247;HPA055489;
AKT3,CAB013090;HPA026441;
ACADM,HPA006198;HPA026542;
RPF1,HPA024642;
KDM5B,HPA027179;HPA053723;CAB068193;
ACTL8,HPA027176;
CTBS,CAB017043;HPA023594;HPA048810;
RBBP5,HPA049042;HPA058085;
KIF17,HPA032085;
CD46,CAB010401;HPA016903;
PRPF3,HPA027226;HPA067116;
P3H1,HPA012113;HPA016980;
SLC2A1,CAB002759;HPA031345;HPA058494;
CDC20,CAB004525;HPA045842;HPA055288;
ATP6V0B,HPA044281;
ERI3,HPA027147;HPA029895;
AKR1A1,CAB006246;HPA017919;HPA019649;HPA027734;
PRDX1,CAB004682;HPA007730;
CCDC181,HPA027189;HPA027275;HPA027281;HPA027312;
SLC19A2,HPA006119;HPA016599;
DR1,HPA050785;HPA055308;
CNN3,CAB009849;HPA051237;
PRRC2C,HPA025766;HPA028659;
F3,CAB009438;HPA049292;HPA069132;
ABCD3,HPA032026;HPA032027;CAB032516;CAB075749;
VAMP4,HPA050418;
PTBP2,HPA047420;
PRDX6,HPA006983;CAB008663;
RCAN3,HPA034533;HPA064289;
STMN1,CAB010107;HPA068438;
MTFR1L,HPA027124;HPA027130;
MAN1C1,HPA048352;
DHDDS,HPA026721;HPA026727;
PROX1,HPA000842;HPA001030;HPA027298;
ARID1A,HPA005456;CAB016334;
CENPF,HPA052382;HPA064308;CAB070134;
STX12,HPA041038;HPA055300;
ESYT2,HPA002132;
CD3EAP,HPA041664;HPA041734;
MESD,HPA039414;HPA041721;
RCN2,HPA030694;HPA030695;
STAG1,HPA035015;HPA058653;
STK11,CAB016231;HPA017254;CAB022105;HPA067481;
KMT2A,CAB017794;CAB024270;HPA044910;
IFT46,HPA037909;HPA057550;
APOA1,CAB016778;HPA046715;
RPS25,HPA031801;HPA078683;
CREB1,CAB003803;HPA019150;
SPCS2,HPA013386;
USP35,HPA055213;HPA058592;
HMGN3,CAB018370;HPA027971;HPA063572;
PHF3,HPA024676;HPA025763;
ADGB,HPA036340;HPA036341;
FBXO30,HPA012583;
TNFAIP3,HPA002116;
RAB32,HPA025731;
SGK1,CAB022085;CAB025148;HPA051251;
RNF146,HPA027158;HPA027209;
MED28,HPA035900;HPA035901;
RXYLT1,HPA064014;
FOXO3,CAB004074;HPA063104;
TGIF2,HPA053786;HPA064522;
ABCG2,CAB037299;HPA054719;
CCNI,CAB010206;HPA039853;HPA061470;
RAB3GAP2,HPA026273;HPA027299;
EEF2KMT,HPA041610;
UCHL3,HPA019678;CAB037139;CAB037208;
PCDH17,HPA026817;
HS1BP3,HPA035050;
CCND2,HPA049138;HPA054196;
SATB2,HPA001042;CAB023669;HPA029543;CAB062562;CAB067751;CAB068229;CAB068230;CAB068231;
GDA,HPA019352;HPA024099;HPA030387;
TJP2,HPA001813;CAB009228;HPA070714;
C1orf198,HPA004798;
PTBP3,HPA048374;
RAD23B,HPA029718;HPA029720;CAB033868;
FKBP15,HPA007979;
WDR34,HPA040764;HPA041091;
GLE1,HPA041689;HPA043538;HPA061560;
RAB14,HPA026419;CAB037066;
CNTRL,HPA020468;HPA020480;HPA051583;
TRIM32,HPA050060;
FBXW2,HPA067878;
BSPRY,HPA042889;HPA077485;
HSDL2,HPA042890;HPA050453;
MAPKAP1,HPA029091;HPA029092;
INVS,HPA049994;
ONECUT2,HPA057058;
ZBTB45,HPA035754;HPA075485;
YLPM1,HPA048070;HPA061123;
DCAF4,HPA047276;
FCF1,HPA046681;
PGF,HPA041624;
BBOF1,HPA003090;HPA003136;HPA075108;
NEK9,HPA001405;
DNAL1,HPA053129;HPA060974;
IRF2BPL,HPA050862;HPA061333;
ACOT2,HPA043705;HPA060170;
LTBP2,HPA003415;
MLH3,HPA060570;
TTLL5,HPA032128;
PPP4R4,HPA041866;HPA050321;
ZC2HC1C,HPA050928;HPA065062;
SLIRP,HPA020291;
RBM25,HPA003025;HPA070713;
ALDH6A1,HPA029072;HPA029073;HPA029074;HPA029075;
EIF2B2,HPA005841;CAB037105;HPA048028;
NRDE2,HPA047050;HPA050583;
ZNF410,HPA002871;
TMEM214,HPA034551;
ATAD2B,HPA034555;
YPEL5,HPA042809;
FAM98A,HPA036250;HPA036251;
YIPF4,HPA017884;
AFTPH,HPA034990;HPA034991;
LGALSL,HPA046079;
CNRIP1,HPA035337;
BCL11A,CAB014891;HPA029003;HPA075941;
CRIPT,HPA046080;HPA056765;
SLC17A5,HPA044479;
OGFRL1,HPA027122;
SLF2,HPA038499;HPA057568;
IFIT2,HPA003408;
CNNM1,HPA040408;
HELLS,CAB004491;HPA063242;
TCTN3,HPA026987;
FAM45A,HPA041159;
AVPI1,HPA037649;
WDR11,HPA038980;
C10orf76,HPA050913;HPA053580;
GOT1,HPA064532;HPA072629;
KANSL1,HPA006874;HPA007208;
CAAP1,HPA020404;HPA024029;HPA024100;
CCDC170,HPA027114;HPA027185;
PCMT1,HPA003239;
WDR55,HPA043470;HPA048143;HPA075133;
GORAB,HPA027208;HPA027250;HPA027746;
SNX19,HPA013447;
ENY2,HPA024648;
MASTL,HPA027175;HPA054273;
KIAA1217,HPA004941;
CCDC77,HPA038854;
PROSER1,CAB034225;HPA055687;
WBP4,HPA038965;HPA058738;
SMAD9,CAB009119;HPA031162;
HSPH1,CAB002060;HPA028675;HPA031569;
ALG5,HPA007989;
PAIP2,HPA035945;CAB037212;HPA056766;
KDM3B,HPA016610;HPA057202;
EGR1,CAB019427;HPA029937;HPA029938;
ZFP30,HPA030606;
NR2C1,HPA035040;HPA035041;HPA067767;
TMPO,HPA008150;CAB009847;HPA070805;
SOCS2,CAB010356;
NFYB,CAB004211;HPA065646;
WASHC3,HPA038339;
APAF1,HPA031373;CAB069399;
SORBS3,HPA015849;
EPHX2,HPA023094;HPA023660;
UBIAD1,HPA044862;
ZNF706,HPA042793;
COPS5,CAB004242;HPA004845;HPA051531;
AKAP1,HPA008620;HPA008691;CAB019286;
SCPEP1,HPA039102;HPA057200;
FAM117A,HPA022531;
TSHZ3,HPA008834;HPA071010;
PYROXD1,HPA038319;HPA038320;
BCL2L14,HPA040665;HPA059846;
ZNF211,HPA011340;HPA049967;
RNF2,HPA026803;
DPPA4,CAB020678;HPA035249;HPA035250;
DESI2,HPA049950;
CRY2,HPA037577;
DEPDC7,HPA015800;
CAT,CAB001515;HPA051282;HPA055838;
PILRB,HPA026750;
TBC1D15,HPA013388;HPA015592;
KHDRBS1,CAB005355;HPA051280;HPA056813;
TMEM39B,HPA040191;HPA040224;
ZNF639,HPA049023;HPA052163;
SLITRK3,HPA017636;HPA048042;
PDS5A,HPA036661;HPA036662;
ZSCAN20,HPA017933;
LRIF1,HPA044515;
CLCC1,HPA009087;HPA013210;
GPSM2,HPA007327;HPA008408;CAB018962;
GTDC1,HPA036694;
SV2C,HPA040722;HPA040770;
RPL21,HPA047252;
MTIF3,HPA039791;
GTF3A,HPA007990;
UBL3,HPA053772;HPA058781;
MTERF4,HPA027097;
MRPS2,HPA029487;HPA057261;
LAX1,HPA002461;HPA003887;CAB025358;
KIAA1191,HPA044701;HPA048145;
RBBP6,CAB032866;HPA041725;HPA043544;
ZC3H7A,HPA040808;HPA059849;
FAM35A,HPA036582;
ZNF205,HPA001791;
NAA60,HPA040916;
TRMT13,HPA028494;
ZNF644,HPA057795;
RPAP2,HPA046443;
PQLC1,HPA051666;
PMS2,CAB010235;HPA066490;HPA070310;
ZMIZ2,HPA040716;
KLHL7,HPA029491;HPA029492;
HNRNPA2B1,HPA001666;HPA005812;CAB012403;HPA065537;
NPY,CAB016733;CAB034368;HPA036636;HPA044572;HPA056798;
FAM126A,HPA042873;
FKBP9,HPA012595;HPA055256;
SMU1,HPA019708;
GLIPR2,HPA029478;
CLTA,CAB002665;HPA050918;HPA054667;
SPINK4,HPA007286;
ACO1,HPA019371;HPA024157;
KIAA1549,HPA019560;
CHST3,HPA047523;HPA055704;
ECD,HPA006465;
P4HA1,HPA007599;HPA026593;
IFT81,HPA019087;HPA020051;
MED13L,HPA039445;
CDKN2C,CAB005303;CAB018398;HPA019057;HPA019764;
RASSF8,HPA038163;HPA038164;
CCDC91,HPA038169;
NECAB1,HPA023252;HPA023629;HPA025963;HPA031262;CAB068208;CAB068209;CAB068210;
ACOT9,HPA035533;
PRDX4,CAB008659;CAB027389;CAB047362;HPA067039;
ADGRE5,HPA013707;
WDR83,HPA042629;HPA042838;
GIPC1,HPA043958;HPA061786;
EBPL,HPA049891;
NLN,HPA031862;
OPTN,HPA003279;HPA003360;CAB019303;
ATF1,CAB016222;HPA055069;HPA055406;
TSFM,HPA006204;
SPATS2,HPA038642;HPA038643;HPA076823;
TUBA1B,CAB011513;HPA039247;HPA043684;HPA063394;
KBTBD4,HPA037792;HPA037793;
SARDH,HPA057267;HPA058086;
AMD1,HPA029281;HPA029282;
NDUFAF4,HPA046560;
MORF4L2,HPA031872;HPA054102;
FAM199X,HPA003093;
RAB9A,HPA003094;CAB016411;
METTL8,HPA035421;
TTC21B,HPA035494;HPA035495;HPA073293;
EXOSC9,HPA041838;HPA048257;CAB070171;
COQ8B,HPA027229;HPA027277;HPA027279;HPA028303;
PFKFB2,HPA049975;HPA063575;
MXD4,HPA053363;
CHPF,HPA035123;
OBSL1,HPA036404;HPA036405;
ENKD1,HPA041163;HPA041478;
FAM210B,HPA042652;
SNX21,HPA046359;
TTPAL,HPA046957;HPA066532;
PREX1,HPA001927;
ARHGAP40,HPA042636;HPA042840;
SDC4,HPA005716;CAB013240;
NCOA3,CAB009800;HPA024210;
NCOA5,HPA050231;
VAPB,HPA013144;CAB013722;
PARD6B,HPA013376;
CHD6,HPA015543;
PLCG1,CAB004277;HPA036681;HPA036682;
TOX2,HPA049900;HPA058396;
ZNFX1,HPA046629;
RAB22A,HPA058894;HPA066920;
STAU1,CAB020839;HPA049892;HPA072004;
STX16,HPA041019;HPA042033;
RNF114,HPA021184;
DDX27,HPA047087;
MTRR,HPA038113;
IQSEC2,HPA003973;HPA076533;
NAGK,HPA035206;HPA035207;
MCEE,HPA035196;
SNRNP27,HPA034541;
MPHOSPH10,HPA035059;HPA035060;HPA049907;
ZNF576,HPA050064;
TRERF1,HPA027771;HPA051273;HPA059943;
BTN2A2,HPA051504;
RRP36,HPA029904;HPA029905;
SNRPC,CAB034338;HPA042419;HPA055490;
SERPINB6,HPA009668;HPA012736;
XPO5,CAB012357;HPA018402;HPA023959;HPA029909;
NQO2,HPA021283;HPA021332;
OARD1,HPA029036;
UNC5CL,HPA015725;
AARS2,HPA035636;HPA061396;
RPS10,HPA047268;HPA048084;
HIST1H2BJ,HPA042205;HPA043013;HPA048671;
MED20,HPA040717;
TBCC,HPA035073;HPA035074;
MAD2L1BP,HPA028729;
KLHDC3,HPA030131;HPA030132;HPA030133;HPA030134;
GNMT,HPA027501;
MEA1,HPA017921;HPA073087;
SOX4,HPA029901;
GLO1,CAB040541;CAB040542;HPA059791;
CPNE5,HPA031369;
SSR1,HPA011276;HPA017062;
RPP40,HPA035685;HPA035686;
NUP153,HPA027896;HPA027897;HPA027898;HPA027899;
DEK,CAB015226;HPA054505;HPA057799;
EEF1E1,HPA027901;HPA057866;
LRRFIP1,HPA006979;
EREG,HPA054373;
MYRF,HPA018310;
AHNAK,HPA019010;HPA019070;HPA026643;
EMC3,HPA042372;
LRRC29,HPA034998;
TMTC4,HPA016489;HPA057056;
EFNB2,HPA008999;CAB009368;
IRF1,CAB011662;HPA063131;
UPF3B,HPA001592;HPA001800;HPA001882;
TMEM255A,HPA048470;
ATP5S,HPA046967;HPA062690;
FAM193A,HPA043116;
SOX9,HPA001758;CAB022456;CAB068240;
MRPS7,HPA022522;HPA023007;
ARMC7,HPA024229;HPA053076;
NT5C,HPA021581;HPA023632;
MSTO1,HPA005899;HPA005914;
TTF1,HPA054837;
DDX31,HPA020891;
CHCHD5,HPA038263;
POLR1B,HPA037528;
GTF2F1,HPA022793;HPA028707;HPA070752;
CLPP,HPA010649;
TNFSF9,HPA059857;
THOC2,HPA047921;
MED1,CAB017696;HPA052818;
RPL23,HPA003373;
TRIP10,HPA041934;HPA072625;HPA073886;
GPR108,HPA041924;HPA041951;HPA063863;
OPA3,HPA044881;
SNRPD2,HPA041437;
RTN2,HPA034941;HPA034948;
EML2,HPA012757;
VASP,CAB004612;HPA005724;
SYMPK,HPA041756;HPA042449;
GPCPD1,HPA042987;
NAPB,CAB037225;CAB037227;HPA046149;HPA050196;
PSMF1,HPA041122;HPA041300;
DTD1,HPA040981;
TMX4,HPA000399;HPA015752;
NRSN2,HPA015967;
RRBP1,HPA009026;HPA011924;
OVOL2,HPA038531;
BFSP1,HPA040748;HPA042038;
MGME1,HPA040913;
MRPS26,HPA045472;HPA054610;
CITED1,HPA049051;
HNRNPR,CAB011687;HPA026092;
ZNF436,HPA043817;
MAX,CAB000328;HPA003474;
ARMCX5,HPA000996;
ID1,CAB025915;HPA051456;HPA058518;
RALY,HPA040971;HPA043614;
CEP250,HPA064875;
TMEM115,CAB006319;HPA015497;
PSMB2,HPA026322;HPA026324;
UROD,HPA027468;HPA028668;HPA030350;
IGFLR1,HPA012369;
CAPNS1,HPA006872;
RBM42,HPA043671;
COX6B1,HPA004192;
THRA,HPA009654;CAB023349;
PRDX5,CAB008661;HPA037915;HPA037916;
IRF3,HPA004895;CAB013018;
RRAS,CAB010160;HPA060364;CAB069439;
SCAF1,HPA046828;HPA054593;
PRR12,HPA011959;
ASL,CAB003696;HPA016646;
STAT5A,CAB003860;HPA027873;HPA042128;HPA049883;HPA051156;
TRAP1,HPA041082;HPA044227;
NSRP1,HPA015593;HPA015603;
DNAJC8,HPA026275;HPA026283;
AHDC1,HPA028648;HPA028685;HPA028691;
IFI6,HPA005543;
ZNF384,HPA004051;
UXT,HPA050499;HPA058400;
ELK1,CAB003808;HPA036084;HPA064381;
TIMM17B,HPA029093;
PCNX4,HPA002076;HPA003390;
KTN1,HPA003178;CAB015331;HPA017876;
L3HYPDH,HPA056694;
ZBTB1,HPA050516;HPA054552;HPA075151;
TRMT5,HPA000943;
SGPP1,HPA053149;HPA064908;
WDR60,HPA020607;HPA021316;
FAM78A,HPA021472;HPA023914;
NUP214,HPA048789;
SLC10A3,HPA021656;
MAP2K2,CAB003835;HPA051993;
TIMM8A,HPA003628;
CANX,CAB004738;HPA009433;HPA009696;
FGD3,HPA020963;HPA021018;
HIVEP3,HPA005728;
EDN2,HPA028459;
TRAF2,CAB004603;HPA009972;HPA010634;
HRASLS,HPA051179;
RAB3IP,HPA039794;
DYRK2,HPA027230;HPA056902;
LRRC61,HPA019355;
TMEM175,HPA057160;
AUNIP,HPA028730;
PIN1,CAB004528;CAB009326;HPA068650;HPA070887;
FBXL12,HPA002843;
HP1BP3,HPA028215;HPA054295;
SIN3B,HPA050329;
SLC35E1,HPA016570;HPA062214;
EPS15L1,HPA019237;HPA055309;
GFER,HPA041227;HPA063553;
CHTF18,HPA040976;HPA056209;
SMARCA4,CAB004208;
TICAM1,HPA042460;
METTL25,HPA039534;HPA041207;
EMC6,HPA062681;
METTL16,HPA020352;HPA059798;
TUBA4A,CAB004621;CAB005887;HPA039247;HPA043684;HPA063394;
AAMP,CAB017717;HPA031868;
PNKD,HPA010134;HPA017068;
RNF6,HPA039343;HPA040048;
ECHS1,CAB003783;HPA021995;HPA022476;
AKAP9,HPA008548;CAB012909;HPA026109;
HIP1,HPA013606;CAB015334;CAB016402;HPA017964;
PTPN12,HPA007097;
POR,CAB004372;HPA010136;
GNAI1,CAB022449;HPA042141;
CASD1,HPA044404;
RASL11B,HPA057803;
GAL3ST1,HPA001220;HPA077138;
MPST,HPA001240;
TST,HPA003044;HPA003643;CAB009546;
LIF,HPA018844;CAB025985;
RNF112,HPA015970;
CPA4,HPA021030;
LSM8,HPA020116;
CDHR3,HPA011218;
PRKRIP1,HPA051146;
FOXP2,HPA000382;HPA000383;HPA001679;
STRIP2,HPA019657;
IFT22,HPA042930;
FLNC,HPA006135;HPA071007;
CALU,HPA006018;
KLHDC10,HPA020119;
OPN1SW,HPA013562;HPA014083;
HOXD3,HPA051831;HPA063671;
MTX2,HPA031550;HPA031551;HPA031552;
CHN1,HPA036111;
OSGEPL1,HPA030693;
HAT1,HPA036788;CAB037191;
HOXD11,HPA055155;
PSMG2,HPA041517;HPA046741;
TWSG1,HPA014898;
ARHGAP22,CAB020696;HPA040391;HPA064439;
MYO5C,CAB020790;HPA032115;HPA032116;
TMOD2,HPA041365;
TTBK2,HPA018113;HPA049866;
ELL3,HPA028938;HPA073494;
CCDC32,HPA041688;
MINDY2,HPA051103;HPA063669;
DUT,HPA054422;HPA060360;
CHAC1,HPA042708;HPA043505;
CALML4,HPA051109;
THAP10,HPA041416;HPA073220;
ANAPC13,HPA046114;
MBD4,HPA002031;
COPB1,CAB012338;HPA043954;HPA064403;
PSMA1,CAB033765;HPA037646;HPA043891;
TPH1,CAB010767;HPA022483;
DCTD,HPA035894;
PIMREG,HPA043783;HPA049934;
RPAIN,HPA023924;HPA031526;
USP6,HPA046969;
AIPL1,HPA026578;
CD68,CAB000051;CAB000066;HPA048982;CAB072861;CAB072862;
FXR2,CAB011205;HPA022997;
MPDU1,HPA014845;
PHF20L1,HPA025060;HPA028417;
CCNT1,HPA004892;CAB009016;HPA072012;
PUS7L,HPA056203;HPA058750;
KRI1,HPA043110;HPA043574;
ILF3,HPA001897;
AP1M2,HPA054999;
CDKN2D,CAB011201;HPA043546;
MTUS1,HPA067903;HPA069795;
NGDN,HPA000944;
BCL2L2,CAB040539;HPA048740;
AJUBA,HPA006171;
PARP2,HPA052003;
EAPP,HPA002916;
MIS18BP1,HPA006504;
TEP1,HPA029206;
CDO1,HPA036573;HPA057503;
ITFG1,HPA015590;HPA019728;
SEC14L1,HPA021463;HPA028703;
ARHGEF6,HPA003578;
MAP7D3,HPA035598;HPA058101;
FGF13,HPA002809;
ASH2L,HPA042289;
TTI2,HPA023523;HPA029823;
KLF16,HPA052481;
TMEM8A,HPA051281;HPA064673;
DOHH,HPA041953;HPA076271;
MAU2,HPA059897;
SHC2,HPA006136;
PLPPR3,HPA052293;HPA057034;
ABHD17A,HPA043270;HPA047226;HPA069225;
ERMARD,HPA041741;
PHF10,HPA055649;
GALNT8,HPA012638;HPA073461;
GNL3L,HPA036314;HPA036315;
MOSPD2,HPA003334;
DOCK6,HPA049423;HPA049424;
ECSIT,HPA042979;
ELOF1,HPA045606;
PRKCSH,CAB004465;HPA041940;HPA043560;
THEM6,HPA023255;
TOMM40,HPA036231;HPA036232;
LRCH2,HPA003233;
FAM98C,HPA040930;HPA041730;
RPL36,HPA047153;
BST2,HPA017060;
NSUN5,HPA020536;HPA045590;HPA046867;
COLGALT1,HPA047821;
DDA1,HPA042134;HPA055272;
PGLS,HPA040744;HPA042032;
LSM7,HPA041850;
SNX9,HPA031410;HPA057203;
QRSL1,HPA029585;HPA029587;
RSPH3,HPA039109;HPA040230;
AFDN,CAB013496;HPA030212;HPA030213;HPA030214;HPA030215;HPA049868;
ACTN4,HPA001873;HPA006035;
STK33,HPA015742;HPA056855;
NDUFA10,HPA059529;HPA067045;CAB070846;
ARPC1B,HPA004832;
ZSWIM6,HPA035938;
FCHO1,HPA041653;HPA062981;
MAP1S,HPA050934;HPA054637;
LSM4,HPA040932;
TRPM4,HPA041169;
ZNF557,HPA003151;HPA029291;
CRB3,HPA013835;
OLFM1,HPA057444;
UBAC1,HPA005651;
ZBTB46,HPA013997;
SAMD10,HPA040973;
COL5A1,HPA030769;
ATXN10,HPA049531;
TUBGCP2,HPA037885;
PNPLA7,HPA009130;
TAF4,HPA008599;CAB031484;
OSBPL2,HPA041127;HPA042659;
ADRM1,HPA042266;
PRDM12,HPA043143;
FIBCD1,HPA055353;
PRRC2B,HPA021022;HPA064301;
TRIM28,CAB010066;HPA064033;
ZC3H4,HPA040934;HPA041068;
MAP3K10,HPA007039;
LRRC47,HPA008512;HPA012018;
SESN2,HPA018191;
SMPDL3B,HPA030561;
ATP5IF1,HPA027999;
MED18,HPA027429;
CLIP1,CAB004399;HPA026678;
CCDC62,HPA039021;HPA058741;
HIP1R,CAB017187;HPA038135;HPA038136;
ZNF317,HPA042075;HPA048625;
EIF3G,HPA041997;
C19orf66,HPA042001;
DNMT1,HPA002694;CAB005876;
ZNF426,HPA029342;
PNCK,HPA007458;
DKC1,HPA000166;HPA000447;HPA001022;CAB033086;
SLC7A10,HPA041884;HPA057036;
NOL11,HPA022010;
CASZ1,HPA028222;HPA029927;
POLN,HPA035939;HPA035940;
PPIL4,HPA031599;HPA031600;
ULBP2,CAB018974;
SYNE1,HPA019113;
EPS8L1,HPA041851;HPA043545;
AAR2,CAB034220;HPA048645;
TTLL9,HPA041772;HPA055676;
ARHGEF9,HPA035419;HPA055291;
ATP6V1E1,CAB009528;CAB018699;HPA029196;
ZNF227,HPA030573;
ZNF428,HPA042596;HPA048072;
GSE1,HPA036365;HPA042090;
SH3BGRL,HPA051248;
PRR7,HPA046636;
CAP1,HPA030124;
ABCB7,HPA034982;
MRPS25,HPA043490;
RBSN,HPA044878;
PDLIM4,HPA011912;
KIF3A,CAB037085;
GFPT2,HPA056892;HPA059910;
PSME3,CAB008388;HPA012510;
RPL27,HPA002649;
AOC3,HPA000980;CAB025797;
ACLY,CAB007783;HPA022434;HPA022953;HPA022959;HPA028758;
VPS25,CAB004978;HPA052217;HPA057284;
UBE2D2,HPA003920;
EXOC4,HPA031443;HPA031444;
ACAP3,HPA049317;HPA058381;
KREMEN2,HPA003223;
THOC6,HPA052953;
TRAF7,HPA041229;
MAP1B,CAB009792;HPA022275;
WDR44,HPA038084;HPA046719;
ZCCHC9,HPA038404;
TOP2A,CAB002448;HPA006458;HPA026773;
RARA,HPA058282;HPA071548;
CHD1L,HPA027789;HPA028670;
MCCC2,HPA038300;HPA038301;HPA061546;
ZNF304,HPA050531;
ZNF132,HPA008726;
SELENOS,HPA010025;
SNRPA1,HPA045622;HPA048499;
C19orf12,HPA046930;
FAAP24,HPA041168;
ABHD12B,HPA002873;
GCH1,HPA028612;
DNAJB1,CAB017450;HPA063247;
FBXW9,HPA042087;
RFX1,HPA048722;HPA052966;
ZNF20,HPA020887;
C19orf57,HPA044012;HPA054615;
DHX30,HPA034806;
RAF1,HPA002640;CAB019291;
PPARG,CAB004282;HPA051239;HPA063663;
TRIM5,CAB013497;HPA023420;HPA023422;
RRP8,HPA038487;HPA057562;
EFR3A,HPA022859;HPA023092;HPA023402;
PTCD3,HPA041154;HPA041382;
IMMT,CAB022439;HPA036164;HPA036165;
ILKAP,HPA004752;HPA056099;
SCLY,HPA020190;HPA055760;
PTPRE,HPA015870;HPA021872;
RAP1GAP2,HPA022148;HPA022896;
RPA1,CAB004563;HPA006914;HPA046497;
POPDC3,HPA012514;
LANCL2,HPA019711;HPA029535;
DDC,HPA017742;
GRSF1,HPA036984;HPA036985;
ANKRD17,HPA045024;HPA063731;
UTP3,HPA035655;HPA041453;
H3F3B,CAB037166;CAB037187;CAB037221;HPA042570;
TRIM47,HPA014933;
ZRANB2,HPA053960;HPA061949;HPA063298;
KDM6B,HPA037988;
VPS13B,HPA043865;
PCBD2,HPA036428;
SDF2,HPA042799;
ERAL1,HPA021425;HPA024423;
ANKEF1,HPA041151;
PCED1A,HPA050816;
BTBD3,HPA041424;HPA042048;
PCNA,CAB000148;HPA030521;HPA030522;HPA030523;
RIN2,HPA034641;
DAP3,HPA023687;
KHDC4,HPA008796;
ARHGEF11,HPA011026;HPA012037;HPA014658;
RAB25,HPA010872;CAB033645;
TESMIN,HPA018539;
MMACHC,HPA027394;HPA027399;HPA027402;
DPH2,HPA045796;
NASP,HPA028136;HPA030518;HPA030520;
MUTYH,HPA008732;
LPIN3,HPA051466;HPA052667;HPA070640;
AP3B1,HPA038737;HPA045458;
SYT4,HPA010574;
FBXO44,HPA003363;
RSG1,HPA028453;
CASP9,HPA001473;CAB004348;HPA046488;
DCTN4,CAB017532;HPA038026;
XPO4,HPA053768;
POMP,HPA026995;
CHRM3,HPA024106;HPA048036;
MYH10,CAB017180;HPA047541;HPA057198;
MPRIP,HPA022034;HPA022901;
SLC41A1,HPA014721;HPA015138;
TPT1,CAB008364;HPA039437;
RFC3,HPA030149;
MORC4,HPA000395;HPA015547;HPA050250;
TBC1D8B,HPA023883;HPA027527;
FAM104A,HPA021459;HPA079514;
SRRM1,HPA049941;HPA058612;
KMT5C,HPA052294;
ZNF414,HPA053769;
HSPBP1,CAB005865;HPA070398;HPA071444;
CSNK1G2,HPA034868;HPA056572;
SLF1,HPA040793;HPA054213;
WDR74,HPA037795;HPA038419;
RTN3,HPA015649;HPA015650;
FOPNL,HPA040599;
PDZD2,CAB020784;HPA036503;HPA036504;HPA064387;HPA076072;
MORC2,HPA000436;
MYO18B,HPA000953;
C1QTNF6,HPA002042;
SEC14L4,HPA069748;
ADCK2,HPA036036;
KRBA1,HPA021237;HPA050448;
C12orf29,HPA039663;
ATP13A3,HPA029471;
IPO8,HPA018439;HPA023765;
LARS,HPA036424;HPA040881;
SPINK5,HPA009067;HPA011351;CAB015347;
CCDC59,HPA038555;
AMPD3,HPA038662;HPA047408;
SBF2,HPA050933;
MICAL2,HPA030437;HPA039895;HPA040438;
RRAS2,CAB010420;HPA050942;
ZFC3H1,HPA007072;HPA007151;
DPF2,HPA020880;HPA056786;
MEN1,HPA030342;
DGLUCY,HPA041423;HPA052932;
NUMB,HPA002874;CAB011478;
MED6,HPA030764;HPA069039;
EIF2S1,CAB011663;HPA064885;
CTIF,HPA016865;HPA024801;
IER3IP1,HPA010027;
MRPS36,HPA035802;HPA056795;
CCNB1,CAB000115;CAB003804;HPA030741;HPA061448;
CAMK1,CAB031904;HPA051409;
VHL,CAB005430;HPA031631;HPA031632;
BHLHE40,HPA028922;
DPH6,HPA042976;HPA055496;
EMC7,HPA010029;HPA047572;
TSPAN2,HPA015640;HPA073306;
PSRC1,HPA056561;
SORT1,HPA006889;CAB011498;
LAMTOR5,HPA006812;
TRIM45,HPA030266;HPA054308;
AP4B1,HPA028162;HPA028652;
NAPG,HPA008208;HPA011389;
PPHLN1,HPA038902;HPA038903;
FKBP11,HPA041709;
SLC38A2,HPA035180;
YWHAQ,HPA007925;CAB010286;HPA061603;
ROCK2,HPA007459;CAB008666;HPA044109;
IAH1,HPA040523;HPA076040;
IL6ST,HPA010558;CAB025784;
NAV1,CAB012302;HPA018127;HPA027887;
CDC73,HPA002326;CAB016359;HPA069324;
NARS,CAB034257;HPA040017;
RBM17,HPA037477;HPA037478;
CCNH,CAB019416;HPA044138;
KCTD1,HPA057808;HPA062486;
EMP1,HPA051931;HPA056250;
LRP4,HPA011934;HPA012300;
DDB2,CAB025912;HPA058406;
USP26,HPA000424;HPA027310;
RBMX2,HPA026609;
YARS,HPA017936;HPA018950;HPA018954;
PHC2,HPA047403;
CDCA8,HPA028120;HPA028258;HPA028783;CAB040294;
BTF3L4,HPA067026;
ZCCHC11,HPA027412;HPA027973;
PRPF38A,HPA053099;HPA058407;
RNF138,HPA041101;
ELP2,HPA002996;CAB020835;
TIMM10,HPA039946;
DHX34,HPA042159;HPA043558;
TMEM258,HPA044602;
TMEM165,HPA038299;HPA062424;
COL4A2,CAB010751;HPA029118;HPA069337;
UBAC2,HPA013448;
ARGLU1,HPA034962;HPA056792;
BIVM,HPA050126;
ERCC5,HPA045845;HPA050126;HPA050374;
TPP2,HPA021069;HPA049630;
KDELC1,CAB020780;HPA043946;HPA064398;
STT3A,HPA030735;
ETS1,CAB002575;HPA063230;
WDR36,HPA037796;HPA037797;
OSTF1,HPA020514;
RFK,HPA023259;CAB033887;HPA057163;
C9orf40,HPA042167;
ANXA1,HPA011271;HPA011272;CAB013023;CAB035987;CAB058693;
GOLM1,HPA010638;HPA011929;CAB015341;
PSAT1,CAB014882;CAB040567;HPA042924;
ADAM19,HPA055537;
CCNJL,HPA049970;
TAOK3,HPA017160;
SDS,HPA039230;
HNF1A,CAB010430;HPA035231;
FBXO21,HPA062411;HPA071452;
RNFT2,HPA064161;
BICDL1,HPA061116;
TRAFD1,HPA039254;HPA039266;
DMTF1,HPA023846;
CCDC146,HPA020082;HPA020105;
FAM71F1,HPA020636;
RINT1,HPA019875;HPA031646;
TES,HPA015269;HPA018123;
MDFIC,HPA030716;
MTO1,HPA030230;HPA030232;
KHDC1,HPA029032;
CEP162,HPA030170;HPA030171;HPA030172;HPA030173;
SYNCRIP,CAB010895;HPA041275;HPA069241;
ORC3,HPA039553;HPA053748;
MAP3K7,HPA007633;HPA075335;
EHF,HPA050923;HPA060734;
CD63,HPA010088;CAB026356;HPA073506;
FAIM2,HPA018790;HPA048800;
ESPL1,CAB012185;HPA073188;
ZC3H10,HPA039236;HPA062265;
ACVR1B,CAB026126;HPA063761;
LTV1,HPA030159;HPA030160;HPA030161;
MAP7,HPA029712;HPA029713;
AFG1L,HPA030154;HPA030155;HPA030659;
NHSL1,HPA029966;HPA029967;
NMBR,HPA026665;
SMPD2,HPA018110;HPA018125;
REPS1,HPA029961;HPA029962;
CCT7,HPA008425;
RAB11FIP5,HPA036406;HPA036407;
SMYD5,HPA015514;HPA049002;
MDM2,CAB000086;CAB016303;
BCO1,HPA043811;
KIAA0513,HPA012866;HPA014431;
DYNC1LI2,HPA057201;
FBXL8,HPA035587;HPA035588;
SLC9A5,HPA041004;HPA041329;
PCNX2,HPA013815;HPA014427;
KCNK1,HPA016049;CAB022588;
URB2,HPA008902;HPA046788;
STX6,HPA038557;HPA038558;
RNASEL,HPA002633;CAB010906;
DHX9,CAB011819;HPA028050;HPA055684;
KIAA1614,HPA028227;HPA061684;
NPL,HPA028345;HPA075808;
FAM129A,HPA028172;HPA028231;HPA028657;
RC3H1,HPA027428;HPA027434;HPA027448;
PAX3,HPA063659;HPA069000;
TTLL4,HPA027091;HPA050252;
USP37,HPA045160;
HTR2B,HPA012867;HPA063658;
DNAJB2,HPA036268;
EIF4E2,HPA019253;HPA077074;
COX5B,HPA034517;
REV1,HPA044534;HPA051036;
TSGA10,HPA036879;
MFSD9,HPA055293;HPA061859;
MRPS9,HPA043476;HPA048479;
C2orf49,HPA043846;HPA060814;
ISCU,CAB006329;HPA038602;HPA057592;
ALDH1L2,HPA039481;HPA059282;
USP44,HPA026543;
PLXNC1,HPA066899;
WASHC4,HPA045666;HPA046737;
FLNB,HPA004747;HPA004886;CAB019322;
RNASEH2B,HPA040084;HPA041469;
TBC1D4,HPA040145;HPA059885;
THSD1,HPA012611;CAB020796;
LRCH1,HPA021536;
SUCLA2,HPA039435;HPA039536;HPA061528;
RCBTB1,HPA056783;
MED4,HPA006232;
COG3,HPA040353;HPA054470;
LMO7,HPA020923;HPA050184;
SCEL,HPA039737;HPA040154;
EDNRB,CAB017842;HPA027546;
LCP1,HPA019493;CAB020673;
SCRN1,HPA024517;
C7orf25,HPA020120;HPA049635;
TNS3,HPA055338;HPA056015;
CHST12,HPA041680;
IGF2BP3,HPA002037;HPA076951;
RAC1,CAB035994;HPA047820;
BZW2,HPA022813;HPA026709;
TBRG4,HPA020582;HPA050430;
NACAD,HPA020981;HPA079208;
DBNL,HPA020265;HPA027735;
CCM2,HPA020273;HPA021669;HPA065815;
TTC5,HPA045008;HPA054198;
MTHFS,HPA008067;HPA054177;
ALPK3,HPA026558;
CALCOCO2,HPA022989;HPA023019;HPA023195;
NMT1,HPA022949;HPA022963;
SRSF1,CAB013073;HPA061301;
VEZF1,HPA027520;HPA048315;
TACO1,HPA021626;HPA021643;HPA024294;
TEX2,HPA020648;HPA057116;
BRIP1,HPA005474;
ACTL6A,CAB012188;HPA018671;HPA063149;
NDUFB5,HPA005640;
MRPL47,HPA037553;HPA047779;
TRA2B,CAB011692;HPA063597;HPA064972;
MARCH7,HPA014275;HPA022152;
TANK,CAB010345;HPA037675;HPA037676;
SKIL,HPA008472;HPA014233;
EPRS,HPA026490;HPA030052;
VPS45,HPA027425;HPA027441;
KCTD3,HPA015142;
CBWD2,HPA042759;HPA042813;
CCDC115,HPA034598;
SAP130,HPA034664;
BIN1,CAB001945;HPA003894;HPA005437;
UGGT1,HPA012761;HPA015127;
STAM,CAB034399;HPA043882;
DNAJC1,HPA013432;
ODF2,HPA001874;HPA048841;
TOR1B,HPA013403;HPA013697;CAB022709;
C9orf78,HPA021216;HPA021232;HPA021242;
TOR1A,CAB012473;HPA051195;
FAM129B,HPA021284;HPA021417;HPA023261;HPA024312;
STXBP1,HPA008209;HPA023483;CAB034434;
CDK5RAP2,HPA035820;HPA035821;HPA046529;CAB079753;
STX17,HPA001204;
USP20,HPA006287;HPA007008;
BAAT,HPA021251;HPA021330;
ATP6V1G1,CAB004615;HPA042898;
TSTD2,HPA022537;HPA024241;HPA064304;
PSMB7,HPA052408;HPA054902;
TRMO,HPA021281;HPA052197;
GOLGA1,CAB013065;HPA044329;HPA050555;
XPA,CAB000155;HPA056856;
NCBP1,HPA042411;HPA049031;
PDCL,HPA021571;HPA021647;CAB026473;
RPL35,HPA006047;
DSCC1,HPA023780;HPA024401;
DERL1,HPA016562;CAB037269;
MYC,CAB000084;CAB010307;HPA055893;HPA066556;
NOV,HPA018449;HPA019684;CAB034423;
RANBP6,HPA043748;HPA052684;
POLR1E,HPA022527;HPA052400;
PLAA,CAB005035;HPA020994;HPA020996;
UBAP2,HPA021684;
APTX,HPA064930;
RNF38,HPA015853;
TLN1,CAB002006;HPA004748;
TMEM8B,HPA052130;HPA062701;
GRHPR,HPA022971;HPA078575;
HINT2,HPA020961;HPA059109;
IGFBPL1,HPA051354;
DENND4C,HPA014917;HPA015096;
RPS6,CAB004027;HPA031153;
KLC4,HPA030168;HPA030169;
PIM1,HPA003941;CAB017040;
TFAP2A,CAB000326;HPA056871;
YIPF3,HPA014859;HPA063699;
FRS3,HPA030162;HPA030174;
TJAP1,HPA030164;HPA030165;HPA030166;
SLC22A23,HPA014697;
HMGA1,CAB032200;HPA065612;HPA068442;
FLOT1,HPA001393;CAB007766;
PGBD1,HPA007267;
TAF8,HPA031730;HPA031731;HPA031734;
FAM8A1,HPA044698;HPA073675;
C6orf52,HPA051142;
MYO7A,HPA028918;CAB034059;
ARRB1,CAB003763;HPA049318;HPA070249;
THAP12,HPA008758;
ANKRD42,HPA039917;
NUMA1,HPA019841;HPA019859;HPA029912;
CCDC90B,HPA011130;HPA011931;
SYTL2,HPA039651;
RAB30,HPA054514;HPA060565;
RNF121,HPA046041;
TGS1,HPA025024;HPA029824;
SDCBP,CAB012245;HPA023840;
DDX60,HPA046952;
BUD13,HPA038340;HPA038341;
MMP7,CAB025869;HPA051358;
DCUN1D5,HPA050863;
TRIM29,HPA020053;HPA074841;
SLC37A4,HPA038939;HPA038940;
PPP2R1B,CAB004034;HPA018908;
FDX1,HPA041630;HPA062087;
C11orf1,HPA038410;HPA057519;
FXYD6,HPA041334;HPA042284;
MAP2K5,CAB022094;HPA027347;HPA027755;
SQOR,HPA017079;HPA041589;
CTDSPL2,HPA040763;HPA062198;
HAUS2,HPA039965;
RTF1,HPA006714;
PARP6,HPA026991;
RPLP1,HPA003368;
TUBGCP4,HPA043212;
RMDN3,HPA009975;HPA074840;
ITPKA,HPA040454;
ADAM10,CAB001709;HPA050670;
ZNF280D,HPA030233;
RSL24D1,HPA062724;HPA063392;
GCHFR,HPA046258;
BCAR3,HPA014858;
RABGGTB,HPA026585;HPA027167;HPA030793;
GIPC2,HPA051212;HPA062684;
ARHGAP29,HPA026534;
IFI44,HPA027148;HPA043858;
RTCA,HPA027982;HPA027990;HPA028151;HPA028331;
PPM1B,HPA016745;
PNPT1,CAB033424;HPA034602;HPA034603;
DYNC2LI1,HPA062905;
CYP1B1,CAB011705;HPA026863;
ACTR2,CAB005083;HPA015050;
PREB,HPA013582;HPA014133;
FBXO11,HPA002690;
LRPPRC,CAB033786;HPA036408;HPA036409;
MFSD13A,HPA018031;
MYOF,HPA014245;
LOXL4,CAB033876;HPA037609;
STAMBPL1,HPA040202;
TACC2,HPA031020;HPA031021;HPA061394;
CALHM2,HPA014706;
ARL3,HPA036292;HPA063596;
CEP55,HPA023430;
ENTPD1,CAB002494;HPA014067;
PLCE1,HPA015597;HPA015598;
DBR1,HPA035365;
ANXA7,CAB004312;HPA064290;
TET1,HPA019032;HPA057273;
ATIC,CAB013462;HPA021012;
METTL5,HPA038223;
SSB,CAB004643;HPA017287;
OLA1,HPA035790;HPA041443;
FAM117B,HPA003229;HPA028746;
WDR12,HPA036389;
ITGAV,CAB002499;HPA004856;
SLC35A5,HPA035519;HPA057964;
SENP7,HPA027259;HPA071998;
COX17,HPA042226;HPA048158;
MNS1,HPA039975;HPA040382;
USP8,HPA050215;
SECISBP2L,HPA039875;
TMOD3,HPA001849;
GLCE,HPA040481;HPA048216;
SHF,HPA057381;
PPCDC,HPA045667;
UBL7,HPA040423;HPA041897;
FAM13A,HPA038108;HPA038109;
HERC3,HPA039170;
HERC6,HPA035846;
ZGRF1,HPA030704;HPA030706;
AP1AR,HPA035863;HPA058115;
COPS4,HPA036894;HPA042828;
HNRNPD,HPA004911;
SEC31A,HPA005457;
FGF5,CAB010313;HPA042442;
KIAA1109,HPA038076;
RAP1GDS1,HPA019060;
LARP1B,HPA036280;
NUP54,HPA035929;HPA058122;
BMP2K,HPA026436;HPA026451;HPA026501;
G3BP2,HPA018304;HPA018425;
SCARB2,CAB015415;HPA018014;
CCNG2,HPA034684;
CNOT6L,HPA042688;
USO1,CAB010108;HPA038282;HPA038283;
GSTCD,HPA046160;HPA061782;
INTS12,HPA035772;HPA041814;
CASP6,CAB003775;HPA011337;HPA024303;
HADH,HPA039588;HPA043888;
SEC24B,HPA038181;
PPP3CA,HPA012778;CAB018581;
FBN2,HPA012853;CAB026401;
MAPK8IP3,CAB005580;HPA041785;HPA069311;
RGS3,HPA044234;
GUCD1,HPA022786;
ETV6,HPA000264;
FGD4,HPA039235;
SINHCAF,HPA038167;HPA057585;
PRICKLE1,HPA001379;HPA050037;
AMIGO2,HPA054004;HPA059601;
SCAF11,HPA038862;HPA045456;HPA046345;
LRIG3,HPA010773;
INHBE,HPA016843;CAB034017;
SLC15A4,HPA016713;
TCHP,HPA038638;HPA061543;
FAM222A,HPA040181;HPA058774;
SLC46A3,HPA039930;
LNX2,HPA040698;
TARBP2,HPA051181;HPA061454;CAB069406;
NABP2,HPA044615;HPA057213;
SMARCC2,CAB004321;HPA021213;HPA061788;
BRCA2,HPA026815;
KANSL2,HPA038497;HPA038498;
GALNT6,HPA011762;HPA017086;
ANKRD52,HPA043815;
ZNF740,HPA035691;
ESD,HPA039700;
RB1,CAB000095;CAB016687;HPA050082;
SBNO1,HPA042388;
MORN3,HPA038709;HPA038710;
SETD1B,HPA021667;HPA059412;
VPS33A,HPA038701;
RHOF,HPA045912;HPA076019;
DENR,HPA021783;
DIAPH3,HPA032151;
RBM26,HPA040252;
ABHD13,HPA032143;HPA032144;
RAB20,HPA002882;HPA052111;HPA068647;
NOVA1,HPA004155;
TMX1,HPA003085;
FRMD6,HPA001297;
SLC38A6,HPA018508;
NAA30,HPA057824;
DCAF5,HPA041575;HPA048098;
WDR89,HPA000813;
STON2,HPA003086;
EFCAB11,HPA051209;
FBLN5,HPA000848;HPA000868;CAB025843;
SERPINA10,HPA048739;
WARS,HPA005573;HPA018944;
SORD,HPA040260;HPA040621;
SERF2,HPA056613;
LYSMD2,HPA040460;
GTF2A2,HPA056239;
SRP14,HPA053738;HPA065118;
BAHD1,HPA041196;
CDAN1,HPA039404;HPA040787;
ETFA,HPA018990;HPA018993;HPA018996;HPA024089;
HMG20A,HPA008126;
TSPAN3,HPA015996;
WDR61,HPA039932;HPA040065;
NEIL1,HPA054084;
MAN2C1,HPA040627;HPA067407;
TPM1,HPA000261;HPA009066;CAB017698;HPA047089;HPA053624;
PML,HPA008312;CAB010194;CAB016304;
LINS1,HPA038578;HPA038579;
SCAMP2,HPA014699;HPA019194;
HAPLN3,HPA039237;
FANCI,HPA039972;HPA040379;
WDR93,HPA046196;HPA048112;
TICRR,HPA046746;HPA049454;
NTRK3,CAB009233;HPA027484;HPA048065;
MFGE8,CAB002753;HPA002807;
UNC45A,HPA039228;
FURIN,CAB009499;HPA067869;
CRTC3,HPA043735;HPA063691;
EFL1,HPA039654;HPA047110;HPA052345;
SEPT12,HPA041128;
GLYR1,CAB017022;HPA048226;HPA050136;
PMM2,HPA040852;HPA063649;
TGFB1I1,CAB020844;
ARMC5,HPA041524;HPA063706;
PARN,HPA006314;CAB011673;HPA012010;
FTO,CAB017123;HPA041086;HPA068695;
UQCRC2,HPA007998;HPA019146;
CDR2,HPA018151;HPA023870;
ARHGAP17,HPA041703;
DHX38,HPA041347;HPA041604;
MARVELD3,HPA043514;HPA045471;
ZFHX3,HPA059353;
KATNB1,HPA041165;HPA041839;
CMTM3,HPA013870;HPA072695;
TLDC1,HPA041020;
OSGIN1,HPA019239;
ZSCAN32,HPA005758;
RPS2,HPA055133;
PDPK1,CAB004272;HPA035199;
TIGD7,HPA041357;HPA041474;
DEF8,HPA041745;HPA049434;
GALNS,CAB026404;HPA042433;HPA074225;
GAS8,HPA041311;HPA048238;
MED9,HPA056415;
NCOR1,HPA043246;HPA050288;HPA051168;CAB072830;
COPS3,HPA021997;HPA050557;
GID4,HPA044348;
ZNF287,HPA029290;
GFOD2,HPA040939;HPA041112;
NOB1,HPA041522;HPA049430;HPA067411;
PRPSAP2,HPA021881;
UNC45B,HPA017861;
PCTP,HPA022979;
TOB1,HPA047839;
NPEPPS,HPA021453;HPA045649;
LRRC46,HPA021882;HPA074893;
SCRN2,HPA022934;HPA023434;
CLTC,CAB010389;CAB011571;CAB017155;HPA059143;
PTRH2,HPA012897;
TAF4B,HPA028937;
AFG3L2,HPA004479;HPA004480;
GNAL,CAB015464;HPA051160;
SLC39A6,HPA042377;
RPRD1A,HPA040602;
GAREM1,HPA040709;HPA042046;
OSBPL1A,HPA040959;HPA043401;
RMC1,HPA043589;
PELP1,HPA053966;HPA056028;HPA060760;
WRAP53,HPA023026;HPA028130;HPA029928;
TP53,CAB002973;CAB039238;CAB039239;HPA051244;HPA063532;CAB072876;
CCDC40,HPA022974;
ARHGDIA,CAB010005;HPA021407;
SLC16A3,CAB017490;HPA021451;
CARD14,HPA023388;
ANAPC11,HPA021989;HPA027838;
FN3KRP,HPA056172;HPA065831;
NARF,HPA053006;
FOXK2,HPA027523;HPA073491;
TRIM65,HPA021575;HPA021578;HPA064820;
CBX8,HPA031462;
WDR45B,HPA017886;
CBX4,HPA008228;HPA012021;
RNF165,HPA041615;HPA047798;
DYM,HPA043551;HPA049187;
ELAC1,HPA040867;HPA066483;
SMAD4,HPA019154;
ZCCHC2,HPA040943;
PMAIP1,HPA051063;
RETREG3,HPA016492;
ERBB2,CAB000043;HPA001060;HPA001338;HPA001383;CAB020416;CAB062555;
BRD4,HPA015055;HPA061646;CAB068177;CAB068178;
PRDM15,HPA024268;HPA029255;HPA029256;
FEM1A,HPA016565;HPA063622;
SH3GL1,HPA021485;
DUS3L,HPA041854;HPA041944;HPA062846;
DPP9,HPA036059;
CCDC97,HPA043320;HPA043572;
ZFP14,HPA030637;
PGGHG,HPA039383;HPA058829;
HUNK,HPA027295;HPA027372;
COL6A1,HPA019142;HPA029401;
COL6A2,HPA007029;HPA030920;HPA038799;
SCYL1,HPA015015;
APP,CAB000157;HPA001462;
GEMIN7,HPA052075;
SLC6A3,HPA012763;HPA013602;CAB016249;CAB078172;
CAPN10,HPA004170;HPA056098;
NLRP12,HPA042099;HPA042981;
ZNF787,HPA035140;
TIMM29,HPA041858;
CARM1,CAB032961;HPA043561;HPA048073;HPA069313;
SIGLEC10,CAB025807;HPA027093;
FAM71E1,HPA048111;
RPL13A,HPA038751;
NOSIP,HPA043464;HPA062132;
RCN3,HPA043134;HPA050402;
ZNF614,HPA021197;
EFHD2,HPA048961;
PGD,HPA031314;HPA031315;
CNKSR1,HPA030847;
C1orf216,HPA028299;HPA031343;
EVA1B,HPA041928;HPA043537;
WDTC1,HPA028177;HPA028180;HPA028182;
HSPG2,CAB009820;HPA018892;CAB020718;HPA072690;
ITGB3BP,HPA028463;
SERBP1,HPA020559;CAB026297;
AZIN2,HPA028527;
RPS8,HPA029266;
PTPRF,HPA012710;
LMO4,CAB022345;HPA045877;HPA061638;
IGSF3,HPA036305;HPA036306;
KCNA10,HPA015061;CAB022564;
PSMA5,HPA028392;HPA028398;HPA028441;
FNDC7,HPA028079;HPA054297;
CELSR2,HPA013952;
TIPRL,HPA027995;HPA054282;
NME7,HPA038014;HPA054289;
POGK,HPA007838;HPA031630;HPA075919;
CREG1,HPA056390;
DCAF6,HPA054305;
TBX19,HPA005800;HPA072686;
TMCO1,HPA054768;HPA078775;
POU2F1,CAB002608;HPA058559;HPA064323;
MGST3,HPA053311;HPA077929;
UFC1,HPA027481;HPA028722;
NR1I3,HPA051365;
USP21,HPA028397;
RRNAD1,HPA047426;
ISG20L2,HPA028005;HPA054285;
CRABP2,HPA004135;
HDGF,CAB026035;HPA048728;HPA053422;
ABL2,HPA001866;CAB017106;HPA072754;
RGS16,HPA053250;HPA055824;
TOR1AIP1,HPA047151;HPA050546;HPA070991;
RGL1,HPA019788;
LYPLAL1,HPA045806;
PRUNE1,HPA028411;
TUFT1,HPA028112;HPA054301;
ECM1,HPA027241;HPA076029;
CGN,CAB017193;HPA027586;HPA027587;HPA027657;
SNX27,HPA045816;
SETDB1,HPA018142;HPA058484;
ADAMTSL4,HPA006279;
MCL1,CAB002781;HPA008455;HPA031125;CAB068195;
PI4KB,HPA006280;HPA006281;CAB022071;
PIP5K1A,HPA029366;
MINDY1,HPA028351;HPA028358;HPA061086;
ANXA9,HPA028404;HPA028698;
SELENBP1,HPA005741;CAB008366;HPA011731;
CERS2,HPA027262;HPA078737;
MRPL9,HPA008579;
POGZ,HPA006800;HPA008781;
GABPB2,HPA028471;HPA058483;
SYT14,HPA036963;
DTL,HPA028016;HPA032023;HPA032031;
EIF2D,HPA028220;
VASH2,HPA045820;
SMYD2,HPA029023;
SUSD4,HPA058296;
HHIPL2,HPA059673;
TP53BP2,HPA021603;HPA050429;
RAB13,HPA003996;
TPM3,HPA000261;HPA009066;HPA047089;HPA053624;
S100A7,CAB001453;HPA006997;CAB033766;
UBAP2L,HPA035068;
CREB3L4,HPA038122;
KCNN3,HPA057127;
GATAD2B,HPA017015;
GALNT2,HPA011222;
TTC13,HPA018022;HPA051558;
LYST,HPA053366;HPA055725;
MAP3K21,HPA007636;
ACP1,HPA016754;
SNAP47,HPA028167;
NVL,HPA028207;HPA028219;HPA028224;HPA028654;
SDE2,HPA028467;HPA031255;HPA031256;
ARF1,CAB007742;
GUK1,HPA028118;HPA048587;HPA068324;
C1orf35,HPA046175;
PARP1,CAB000147;CAB003839;CAB003840;HPA045168;CAB075726;CAB075727;
PSEN2,CAB013634;HPA038005;
PYCR2,HPA056873;
LBR,HPA049840;HPA062236;
SOX13,HPA051790;HPA054843;
PDIA6,CA